tax_id,tax_level,genus_tax_id,name,common_name,category,is_phage,nt_bpm,nt_base_count,nt_count,nt_contigs,nt_contig_b,nt_percent_identity,nt_alignment_length,nt_e_value,nr_bpm,nr_base_count,nr_count,nr_contigs,nr_contig_b,nr_percent_identity,nr_alignment_length,nr_e_value,species_tax_ids,known_pathogen
2792393,2,2792393,Aquipluma,"",bacteria,false,1.38886,1144,1,,,92.126,1143.0,10^-307.653,,,,,,,,,[2010828],0
2010828,1,2792393,Aquipluma nitroreducens,"",bacteria,false,1.38886,1144,1,,,92.126,1143.0,10^-307.653,,,,,,,,,,0
2782231,2,2782231,Kaistella,"",bacteria,false,101.109,83283,14,,,89.5126,3780.14,10^-307.653,,,,,,,,,"[1241979, 421525, 266748]",0
1241979,1,2782231,Chryseobacterium carnis,"",bacteria,false,17.0366,14033,2,,,86.0685,4410.5,10^-307.653,,,,,,,,,,0
421525,1,2782231,Chryseobacterium haifense,"",bacteria,false,78.6735,64803,11,,,90.7944,3670.18,10^-307.653,,,,,,,,,,0
266748,1,2782231,Chryseobacterium antarcticum,"",bacteria,false,5.39884,4447,1,,,82.301,3729.0,10^-307.653,,,,,,,,,,0
2782229,2,2782229,Epilithonimonas,"",bacteria,false,94.314,77686,15,,,90.1895,2187.27,10^-299.956,,,,,,,,,[2487072],0
2487072,1,2782229,Epilithonimonas vandammei,"",bacteria,false,94.314,77686,15,,,90.1895,2187.27,10^-299.956,,,,,,,,,,0
2782228,2,2782228,Planobacterium,"",bacteria,false,31.4704,25922,4,,,90.188,2436.0,10^-307.653,,,,,,,,,[536441],0
536441,1,2782228,Chryseobacterium taklimakanense,"",bacteria,false,31.4704,25922,4,,,90.188,2436.0,10^-307.653,,,,,,,,,,0
2767842,2,2767842,Lactiplantibacillus,"",bacteria,false,5.83832,4809,1,,,91.087,2356.0,10^-307.653,,,,,,,,,[1590],0
1590,1,2767842,Lactiplantibacillus plantarum,"",bacteria,false,5.83832,4809,1,,,91.087,2356.0,10^-307.653,,,,,,,,,,0
2742598,2,2742598,Limosilactobacillus,"",bacteria,false,3.23663,2666,1,,,92.921,2698.0,10^-307.653,,,,,,,,,[1633],0
1633,1,2742598,Lactobacillus vaginalis,"",bacteria,false,3.23663,2666,1,,,92.921,2698.0,10^-307.653,,,,,,,,,,0
2715289,2,2715289,Amniculibacterium,"",bacteria,false,33.2259,27368,5,,,88.66,2728.8,10^-307.653,,,,,,,,,[2767188],0
2767188,1,2715289,Amniculibacterium sp. G2-70,"",bacteria,false,33.2259,27368,5,,,88.66,2728.8,10^-307.653,,,,,,,,,,0
2680021,2,2680021,Ephemeroptericola,"",bacteria,false,2.20713,1818,1,,,86.949,1816.0,10^-307.653,,,,,,,,,[2268024],0
2268024,1,2680021,Ephemeroptericola cinctiostellae,"",bacteria,false,2.20713,1818,1,,,86.949,1816.0,10^-307.653,,,,,,,,,,0
2569097,2,2569097,Anaerobutyricum,"",bacteria,false,6.64566,5474,1,,,92.031,3112.0,10^-307.653,,,,,,,,,[39488],0
39488,1,2569097,Anaerobutyricum hallii,"",bacteria,false,6.64566,5474,1,,,92.031,3112.0,10^-307.653,,,,,,,,,,0
2529408,2,2529408,Schaalia,"",bacteria,false,12.4852,10284,2,,,86.5675,5171.5,10^-307.653,,,,,,,,,[2758572],0
2758572,1,2529408,Schaalia sp. JY-X169,"",bacteria,false,12.4852,10284,2,,,86.5675,5171.5,10^-307.653,,,,,,,,,,0
2321187,2,2321187,Poseidonibacter,"",bacteria,false,12.5945,10374,1,,,86.12,2961.0,10^-307.653,,,,,,,,,[1850254],0
1850254,1,2321187,Poseidonibacter parvus,"",bacteria,false,12.5945,10374,1,,,86.12,2961.0,10^-307.653,,,,,,,,,,0
2321114,2,2321114,Malaciobacter,"",bacteria,false,31.4339,25892,5,,,88.071,1810.8,10^-307.653,,,,,,,,,"[1912871, 1080223, 1032072, 603050]",0
1912871,1,2321114,Malaciobacter canalis,"",bacteria,false,2.75587,2270,1,,,87.801,623.0,10^-307.653,,,,,,,,,,0
1080223,1,2321114,Malaciobacter pacificus,"",bacteria,false,13.573,11180,2,,,94.2835,1093.0,10^-307.653,,,,,,,,,,0
1032072,1,2321114,Malaciobacter molluscorum,"",bacteria,false,5.20702,4289,1,,,81.188,1600.0,10^-307.653,,,,,,,,,,0
603050,1,2321114,Malaciobacter mytili,"",bacteria,false,9.89808,8153,1,,,82.799,4645.0,10^-307.653,,,,,,,,,,0
2321113,2,2321113,Pseudoarcobacter,"",bacteria,false,274.025,225713,45,,,89.9904,2184.22,10^-306.506,,,,,,,,,[1849015],0
1849015,1,2321113,Pseudoarcobacter acticola,"",bacteria,false,274.025,225713,45,,,89.9904,2184.22,10^-306.506,,,,,,,,,,0
2321111,2,2321111,Aliarcobacter,"",bacteria,false,67.7374,55795,9,,,88.0428,3065.22,10^-307.653,,,,,,,,,"[1935204, 1564138]",0
1935204,1,2321111,[Arcobacter] porcinus,"",bacteria,false,32.4088,26695,4,,,90.6107,1702.75,10^-307.653,,,,,,,,,,0
1564138,1,2321111,Aliarcobacter faecis,"",bacteria,false,35.3286,29100,5,,,85.9884,4155.2,10^-307.653,,,,,,,,,,0
2316020,2,2316020,Mediterraneibacter,"",bacteria,false,19.6395,16177,7,,,92.6221,1471.57,10^-304.59,,,,,,,,,"[33039, 33038]",0
33039,1,2316020,[Ruminococcus] torques,"",bacteria,false,17.6206,14514,6,,,93.0205,1437.0,10^-304.08,,,,,,,,,,0
33038,1,2316020,[Ruminococcus] gnavus,"",bacteria,false,2.01895,1663,1,,,90.232,1679.0,10^-307.653,,,,,,,,,,0
2069291,2,2069291,Abscondita,"",eukaryota,false,,,,,,,,,1697.39,1398132,259,8,1398132,71.5672,1250.06,10^-307.653,[2069292],0
2069292,1,2069291,Abscondita terminalis,"",eukaryota,false,,,,,,,,,1697.39,1398132,259,8,1398132,71.5672,1250.06,10^-307.653,,0
1918540,2,1918540,Muribaculum,"",bacteria,false,7.49792,6176,1,,,89.113,6292.0,10^-307.653,,,,,,,,,[2530390],0
2530390,1,1918540,Muribaculum sp. TLL-A4,"",bacteria,false,7.49792,6176,1,,,89.113,6292.0,10^-307.653,,,,,,,,,,0
1918538,2,1918538,Longibaculum,"",bacteria,false,24.2201,19950,1,,,87.995,6764.0,10^-307.653,,,,,,,,,[2584943],0
2584943,1,1918538,Longibaculum sp. KGMB06250,"",bacteria,false,24.2201,19950,1,,,87.995,6764.0,10^-307.653,,,,,,,,,,0
1914449,2,1914449,Rugosibacter,"",bacteria,false,3.46852,2857,1,,,82.42,1496.0,10^-307.653,,,,,,,,,[1565605],0
1565605,1,1914449,Rugosibacter aromaticivorans,"",bacteria,false,3.46852,2857,1,,,82.42,1496.0,10^-307.653,,,,,,,,,,0
1905344,2,1905344,Ruthenibacterium,"",bacteria,false,3.09823,2552,1,,,93.125,2589.0,10^-307.653,,,,,,,,,[1550024],0
1550024,1,1905344,Ruthenibacterium lactatiformans,"",bacteria,false,3.09823,2552,1,,,93.125,2589.0,10^-307.653,,,,,,,,,,0
1866885,2,1866885,Mycolicibacterium,"",bacteria,false,31.9256,26297,8,,,91.8209,2871.12,10^-307.653,,,,,,,,,"[319706, 1793]",0
319706,1,1866885,Mycolicibacterium phocaicum,"",bacteria,false,19.4841,16049,4,,,91.991,3154.5,10^-307.653,,,,,,,,,,0
1793,1,1866885,Mycolicibacterium fallax,"",bacteria,false,12.4415,10248,4,,,91.6507,2587.75,10^-307.653,,,,,,,,,,0
1649468,2,1649468,Melaminivora,"",bacteria,false,3.78538,3118,1,,,91.213,2959.0,10^-307.653,,,,,,,,,[2109913],0
2109913,1,1649468,Melaminivora sp. SC2-9,"",bacteria,false,3.78538,3118,1,,,91.213,2959.0,10^-307.653,,,,,,,,,,0
1506553,2,1506553,Lachnoclostridium,"",bacteria,false,11.1801,9209,2,,,92.683,1667.5,10^-307.653,,,,,,,,,"[1871021, 1834196]",0
1871021,1,1506553,Lachnoclostridium phocaeense,"",bacteria,false,7.93376,6535,1,,,92.535,643.0,10^-307.653,,,,,,,,,,0
1834196,1,1506553,Lachnoclostridium sp. YL32,"",bacteria,false,3.24635,2674,1,,,92.831,2692.0,10^-307.653,,,,,,,,,,0
1501226,2,1501226,Romboutsia,"",bacteria,false,36.5184,30080,4,,,87.0175,4242.5,10^-307.653,,,,,,,,,[1115758],0
1115758,1,1501226,Romboutsia ilealis,"",bacteria,false,36.5184,30080,4,,,87.0175,4242.5,10^-307.653,,,,,,,,,,0
1433995,2,1433995,Cruoricaptor,"",bacteria,false,21.9535,18083,3,,,92.1563,2970.67,10^-307.653,,,,,,,,,[1118202],0
1118202,1,1433995,Cruoricaptor ignavus,"",bacteria,false,21.9535,18083,3,,,92.1563,2970.67,10^-307.653,,,,,,,,,,0
1330545,2,1330545,Lelliottia,"",bacteria,false,5.79947,4777,1,,,92.88,4775.0,10^-307.653,,,,,,,,,[61646],0
61646,1,1330545,Lelliottia amnigena,"",bacteria,false,5.79947,4777,1,,,92.88,4775.0,10^-307.653,,,,,,,,,,0
1085622,2,1085622,Propioniciclava,"",bacteria,false,1.93518,1594,1,,,91.359,1597.0,10^-307.653,,,,,,,,,[2714937],0
2714937,1,1085622,Propioniciclava sp. HDW11,"",bacteria,false,1.93518,1594,1,,,91.359,1597.0,10^-307.653,,,,,,,,,,0
990721,2,990721,Christensenella,"",bacteria,false,15.3904,12677,2,,,90.166,5342.5,10^-307.653,,,,,,,,,"[2086585, 626937]",0
2086585,1,990721,Christensenella sp. Marseille-P3954,"",bacteria,false,9.06646,7468,1,,,87.461,5383.0,10^-307.653,,,,,,,,,,0
626937,1,990721,Christensenella minuta,"",bacteria,false,6.32394,5209,1,,,92.871,5302.0,10^-307.653,,,,,,,,,,0
946234,2,946234,Flavonifractor,"",bacteria,false,5.30779,4372,1,,,86.284,2960.0,10^-307.653,,,,,,,,,[292800],0
292800,1,946234,Flavonifractor plautii,"",bacteria,false,5.30779,4372,1,,,86.284,2960.0,10^-307.653,,,,,,,,,,0
909656,2,909656,Phocaeicola,"",bacteria,false,286.679,236136,57,,,92.6028,3992.56,10^-306.289,,,,,,,,,"[376805, 357276, 821]",0
376805,1,909656,Phocaeicola salanitronis,"",bacteria,false,3.97113,3271,1,,,91.214,3335.0,10^-307.653,,,,,,,,,,0
357276,1,909656,Phocaeicola dorei,"",bacteria,false,104.151,85789,20,,,92.0459,3952.45,10^-305.143,,,,,,,,,,0
821,1,909656,Phocaeicola vulgatus,"",bacteria,false,178.556,147076,36,,,92.9508,4033.11,10^-306.887,,,,,,,,,,0
604195,2,604195,Cyberlindnera,"",eukaryota,false,5.91481,4872,1,,,84.87,1811.0,10^-307.653,,,,,,,,,[4903],0
4903,1,604195,Cyberlindnera jadinii,"",eukaryota,false,5.91481,4872,1,,,84.87,1811.0,10^-307.653,,,,,,,,,,0
577309,2,577309,Paraprevotella,"",bacteria,false,9.47438,7804,1,,,90.576,8001.0,10^-307.653,,,,,,,,,[454155],0
454155,1,577309,Paraprevotella xylaniphila,"",bacteria,false,9.47438,7804,1,,,90.576,8001.0,10^-307.653,,,,,,,,,,0
574697,2,574697,Butyricimonas,"",bacteria,false,6.69179,5512,1,,,93.157,1023.0,10^-307.653,,,,,,,,,[2093856],0
2093856,1,574697,Butyricimonas faecalis,"",bacteria,false,6.69179,5512,1,,,93.157,1023.0,10^-307.653,,,,,,,,,,0
572511,2,572511,Blautia,"",bacteria,false,9.73297,8017,3,,,90.269,2172.67,10^-307.653,,,,,,,,,"[40520, 1322]",0
40520,1,572511,Blautia obeum,"",bacteria,false,6.95645,5730,2,,,89.729,2103.0,10^-307.653,,,,,,,,,,0
1322,1,572511,Blautia hansenii,"",bacteria,false,2.77651,2287,1,,,91.349,2312.0,10^-307.653,,,,,,,,,,0
568987,2,568987,Candidatus Hamiltonella,"",bacteria,false,5.52024,4547,1,,,84.872,2882.0,10^-307.653,,,,,,,,,[138072],0
138072,1,568987,Candidatus Hamiltonella defensa,"",bacteria,false,5.52024,4547,1,,,84.872,2882.0,10^-307.653,,,,,,,,,,0
501783,2,501783,Cloacibacterium,"",bacteria,false,2162.77,1781467,339,5,274331,88.2354,3149.1,10^-306.79,441.813,363919,64,7,363919,90.3875,562.344,10^-275.811,"[517423, 237258]",0
517423,1,501783,Cloacibacterium rupense,"",bacteria,false,,,,,,,,,143.478,118182,22,3,118182,89.1545,610.909,10^-303.564,,0
237258,1,501783,Cloacibacterium normanense,"",bacteria,false,2162.77,1781467,339,5,274331,88.2354,3149.1,10^-306.79,298.335,245737,42,4,245737,91.0333,536.905,10^-261.274,,0
447792,2,447792,Phytobacter,"",bacteria,false,10.1397,8352,1,,,91.435,8523.0,10^-307.653,,,,,,,,,[395631],0
395631,1,447792,Phytobacter diazotrophicus,"",bacteria,false,10.1397,8352,1,,,91.435,8523.0,10^-307.653,,,,,,,,,,0
423349,2,423349,Mucilaginibacter,"",bacteria,false,13.1396,10823,2,,,92.78,2676.0,10^-268.183,,,,,,,,,"[2027860, 551996]",0
2027860,1,423349,Mucilaginibacter rubeus,"",bacteria,false,7.23083,5956,1,,,95.373,389.0,10^-228.713,,,,,,,,,,0
551996,1,423349,Mucilaginibacter gossypii,"",bacteria,false,5.90874,4867,1,,,90.187,4963.0,10^-307.653,,,,,,,,,,0
399044,2,399044,Notodromas,"",eukaryota,false,100.139,82484,13,1,44233,91.4868,4409.38,10^-303.422,200.222,164922,31,2,164922,84.8194,1278.06,10^-307.653,[399045],0
399045,1,399044,Notodromas monacha,"",eukaryota,false,100.139,82484,13,1,44233,91.4868,4409.38,10^-303.422,200.222,164922,31,2,164922,84.8194,1278.06,10^-307.653,,0
375288,2,375288,Parabacteroides,"",bacteria,false,43.9155,36173,8,,,91.6712,4526.38,10^-307.653,,,,,,,,,[823],0
823,1,375288,Parabacteroides distasonis,"",bacteria,false,43.9155,36173,8,,,91.6712,4526.38,10^-307.653,,,,,,,,,,0
346096,2,346096,Paludibacter,"",bacteria,false,6.24138,5141,1,,,89.513,5216.0,10^-307.653,,,,,,,,,[185300],0
185300,1,346096,Paludibacter propionicigenes,"",bacteria,false,6.24138,5141,1,,,89.513,5216.0,10^-307.653,,,,,,,,,,0
327159,2,327159,Candidatus Accumulibacter,"",bacteria,false,3.37261,2778,1,,,84.536,1830.0,10^-307.653,,,,,,,,,[327160],0
327160,1,327159,Candidatus Accumulibacter phosphatis,"",bacteria,false,3.37261,2778,1,,,84.536,1830.0,10^-307.653,,,,,,,,,,0
318147,2,318147,Paucibacter,"",bacteria,false,2.57741,2123,1,,,86.049,2136.0,10^-307.653,,,,,,,,,[1768242],0
1768242,1,318147,Paucibacter sp. KCTC 42545,"",bacteria,false,2.57741,2123,1,,,86.049,2136.0,10^-307.653,,,,,,,,,,0
308865,2,308865,Elizabethkingia,"",bacteria,false,60.8587,50129,8,,,86.4061,2420.12,10^-307.653,,,,,,,,,"[2796140, 2583851, 1756150, 1756149, 1117645]",1
2796140,1,308865,Elizabethkingia sp. M8,"",bacteria,false,17.0901,14077,2,,,88.1835,2222.5,10^-307.653,,,,,,,,,,0
2583851,1,308865,Elizabethkingia sp. JS20170427COW,"",bacteria,false,10.1215,8337,1,,,86.661,1282.0,10^-307.653,,,,,,,,,,0
1756150,1,308865,Elizabethkingia ursingii,"",bacteria,false,5.69264,4689,1,,,89.287,4630.0,10^-307.653,,,,,,,,,,0
1756149,1,308865,Elizabethkingia bruuniana,"",bacteria,false,1.98253,1633,1,,,90.289,1627.0,10^-307.653,,,,,,,,,,0
1117645,1,308865,Elizabethkingia anophelis,"",bacteria,false,25.972,21393,3,,,82.8817,2459.0,10^-307.653,,,,,,,,,,1
286130,2,286130,Sulfuricurvum,"",bacteria,false,9.17451,7557,2,,,84.2025,3787.5,10^-307.653,,,,,,,,,"[1249480, 148813]",0
1249480,1,286130,Candidatus Sulfuricurvum sp. RIFRC-1,"",bacteria,false,6.03014,4967,1,,,83.458,4951.0,10^-307.653,,,,,,,,,,0
148813,1,286130,Sulfuricurvum kujiense,"",bacteria,false,3.14437,2590,1,,,84.947,2624.0,10^-307.653,,,,,,,,,,0
283168,2,283168,Odoribacter,"",bacteria,false,15.7692,12989,2,,,93.2235,6623.0,10^-307.653,,,,,,,,,[28118],0
28118,1,283168,Odoribacter splanchnicus,"",bacteria,false,15.7692,12989,2,,,93.2235,6623.0,10^-307.653,,,,,,,,,,0
239934,2,239934,Akkermansia,"",bacteria,false,17.6388,14529,3,,,92.0857,4936.67,10^-307.653,,,,,,,,,[239935],0
239935,1,239934,Akkermansia muciniphila,"",bacteria,false,17.6388,14529,3,,,92.0857,4936.67,10^-307.653,,,,,,,,,,0
239759,2,239759,Alistipes,"",bacteria,false,49.5584,40821,10,,,92.3113,3857.8,10^-299.891,,,,,,,,,"[2585118, 328814, 328813, 214856]",0
2585118,1,239759,Alistipes communis,"",bacteria,false,9.72204,8008,2,,,92.751,4011.0,10^-307.653,,,,,,,,,,0
328814,1,239759,Alistipes shahii,"",bacteria,false,11.6742,9616,2,,,93.069,4895.5,10^-307.653,,,,,,,,,,0
328813,1,239759,Alistipes onderdonkii,"",bacteria,false,1.01251,834,1,,,90.932,794.0,10^-307.653,,,,,,,,,,0
214856,1,239759,Alistipes finegoldii,"",bacteria,false,27.1496,22363,5,,,92.1082,3994.2,10^-292.13,,,,,,,,,,0
238749,2,238749,Diaphorobacter,"",bacteria,false,34.1995,28170,6,,,88.3325,3143.17,10^-307.653,,,,,,,,,"[2792224, 2735554, 2714925, 2714924]",0
2792224,1,238749,Diaphorobacter sp. JS3051,"",bacteria,false,8.07337,6650,2,,,89.5225,3087.5,10^-307.653,,,,,,,,,,0
2735554,1,238749,Diaphorobacter sp. JS3050,"",bacteria,false,8.32711,6859,1,,,86.513,1861.0,10^-307.653,,,,,,,,,,0
2714925,1,238749,Diaphorobacter sp. HDW4B,"",bacteria,false,6.54975,5395,1,,,87.165,5524.0,10^-307.653,,,,,,,,,,0
2714924,1,238749,Diaphorobacter sp. HDW4A,"",bacteria,false,11.2493,9266,2,,,88.636,2649.5,10^-307.653,,,,,,,,,,0
235888,2,235888,Salinibacterium,"",bacteria,false,6.5449,5391,1,,,84.472,5049.0,10^-307.653,,,,,,,,,[2508880],0
2508880,1,235888,Salinibacterium sp. UTAS2018,"",bacteria,false,6.5449,5391,1,,,84.472,5049.0,10^-307.653,,,,,,,,,,0
219181,2,219181,Ottowia,"",bacteria,false,4.03304,3322,1,,,90.648,3304.0,10^-307.653,,,,,,,,,[2109914],0
2109914,1,219181,Ottowia oryzae,"",bacteria,false,4.03304,3322,1,,,90.648,3304.0,10^-307.653,,,,,,,,,,0
216851,2,216851,Faecalibacterium,"",bacteria,false,39.307,32377,10,,,91.7549,2854.3,10^-307.653,,,,,,,,,[853],0
853,1,216851,Faecalibacterium prausnitzii,"",bacteria,false,39.307,32377,10,,,91.7549,2854.3,10^-307.653,,,,,,,,,,0
207244,2,207244,Anaerostipes,"",bacteria,false,27.634,22762,7,,,92.5121,3067.29,10^-307.653,,,,,,,,,[649756],0
649756,1,207244,Anaerostipes hadrus,"",bacteria,false,27.634,22762,7,,,92.5121,3067.29,10^-307.653,,,,,,,,,,0
204456,2,204456,Gemmobacter,"",bacteria,false,8.26762,6810,1,,,91.388,6050.0,10^-307.653,,,,,,,,,[2169400],0
2169400,1,204456,Gemmobacter sp. HYN0069,"",bacteria,false,8.26762,6810,1,,,91.388,6050.0,10^-307.653,,,,,,,,,,0
202907,2,202907,Collimonas,"",bacteria,false,8.73017,7191,1,,,82.845,2081.0,10^-307.653,,,,,,,,,[158899],0
158899,1,202907,Collimonas fungivorans,"",bacteria,false,8.73017,7191,1,,,82.845,2081.0,10^-307.653,,,,,,,,,,0
202746,2,202746,Sulfurimonas,"",bacteria,false,4.71655,3885,2,,,86.482,973.5,10^-307.653,,,,,,,,,[39766],0
39766,1,202746,Sulfurimonas denitrificans,"",bacteria,false,4.71655,3885,2,,,86.482,973.5,10^-307.653,,,,,,,,,,0
201096,2,201096,Alicycliphilus,"",bacteria,false,4.78089,3938,1,,,85.748,1277.0,10^-307.653,,,,,,,,,[179636],0
179636,1,201096,Alicycliphilus denitrificans,"",bacteria,false,4.78089,3938,1,,,85.748,1277.0,10^-307.653,,,,,,,,,,0
191303,2,191303,Turicibacter,"",bacteria,false,2.87971,2372,1,,,93.842,2371.0,10^-307.653,,,,,,,,,[1712675],0
1712675,1,191303,Turicibacter sp. H121,"",bacteria,false,2.87971,2372,1,,,93.842,2371.0,10^-307.653,,,,,,,,,,0
186831,2,186831,Acetoanaerobium,"",bacteria,false,18.1523,14952,5,,,90.8492,2012.0,10^-307.653,,,,,,,,,[1511],0
1511,1,186831,Acetoanaerobium sticklandii,"",bacteria,false,18.1523,14952,5,,,90.8492,2012.0,10^-307.653,,,,,,,,,,0
168470,2,168470,Laribacter,"",bacteria,false,7.01351,5777,1,,,85.708,2442.0,10^-307.653,,,,,,,,,[168471],0
168471,1,168470,Laribacter hongkongensis,"",bacteria,false,7.01351,5777,1,,,85.708,2442.0,10^-307.653,,,,,,,,,,0
166953,2,166953,Kaistia,"",bacteria,false,4.52109,3724,1,,,86.871,1272.0,10^-307.653,,,,,,,,,[2795690],0
2795690,1,166953,Kaistia sp. 32K,"",bacteria,false,4.52109,3724,1,,,86.871,1272.0,10^-307.653,,,,,,,,,,0
160674,2,160674,Raoultella,"",bacteria,false,16.7441,13792,3,,,92.5913,3702.33,10^-307.653,,,,,,,,,"[54291, 575]",0
54291,1,160674,Raoultella ornithinolytica,"",bacteria,false,12.728,10484,2,,,92.5765,3859.5,10^-307.653,,,,,,,,,,0
575,1,160674,Raoultella planticola,"",bacteria,false,4.01605,3308,1,,,92.621,3388.0,10^-307.653,,,,,,,,,,0
158846,2,158846,Megamonas,"",bacteria,false,0.987015,813,1,,,93.467,796.0,10^-307.653,,,,,,,,,[158847],0
158847,1,158846,Megamonas hypermegale,"",bacteria,false,0.987015,813,1,,,93.467,796.0,10^-307.653,,,,,,,,,,0
152267,2,152267,Pigmentiphaga,"",bacteria,false,7.83663,6455,1,,,84.298,1140.0,10^-307.653,,,,,,,,,[1940612],0
1940612,1,152267,Pigmentiphaga aceris,"",bacteria,false,7.83663,6455,1,,,84.298,1140.0,10^-307.653,,,,,,,,,,0
146784,2,146784,Bacteriovorax,"",bacteria,false,3.46852,2857,1,,,84.059,2892.0,10^-307.653,,,,,,,,,[960],0
960,1,146784,Bacteriovorax stolpii,"",bacteria,false,3.46852,2857,1,,,84.059,2892.0,10^-307.653,,,,,,,,,,0
133925,2,133925,Olsenella,"",bacteria,false,7.76015,6392,1,,,81.651,3586.0,10^-307.653,,,,,,,,,[1805478],0
1805478,1,133925,Olsenella timonensis,"",bacteria,false,7.76015,6392,1,,,81.651,3586.0,10^-307.653,,,,,,,,,,0
120831,2,120831,Dyadobacter,"",bacteria,false,6.0872,5014,1,,,85.631,2060.0,10^-307.653,,,,,,,,,[538966],0
538966,1,120831,Dyadobacter sp. 32,"",bacteria,false,6.0872,5014,1,,,85.631,2060.0,10^-307.653,,,,,,,,,,0
119977,2,119977,Acidithiobacillus,"",bacteria,false,10.1081,8326,1,,,93.815,8472.0,10^-307.653,,,,,,,,,[930],0
930,1,119977,Acidithiobacillus thiooxidans,"",bacteria,false,10.1081,8326,1,,,93.815,8472.0,10^-307.653,,,,,,,,,,0
116071,2,116071,Micropruina,"",bacteria,false,13.5608,11170,3,,,86.4593,1797.33,10^-307.653,,,,,,,,,[75385],0
75385,1,116071,Micropruina glycogenica,"",bacteria,false,13.5608,11170,3,,,86.4593,1797.33,10^-307.653,,,,,,,,,,0
106589,2,106589,Cupriavidus,"",bacteria,false,1.57825,1300,1,,,93.08,896.0,10^-307.653,,,,,,,,,[119219],0
119219,1,106589,Cupriavidus metallidurans,"",bacteria,false,1.57825,1300,1,,,93.08,896.0,10^-307.653,,,,,,,,,,0
102106,2,102106,Collinsella,"",bacteria,false,41.6404,34299,9,,,89.1172,3401.89,10^-307.653,,,,,,,,,[74426],0
74426,1,102106,Collinsella aerofaciens,"",bacteria,false,41.6404,34299,9,,,89.1172,3401.89,10^-307.653,,,,,,,,,,0
101191,2,101191,Methanomethylovorans,"",archaea,false,6.05199,4985,1,,,91.753,5105.0,10^-307.653,,,,,,,,,[101192],0
101192,1,101191,Methanomethylovorans hollandica,"",archaea,false,6.05199,4985,1,,,91.753,5105.0,10^-307.653,,,,,,,,,,0
93217,2,93217,Pandoraea,"",bacteria,false,2.90884,2396,1,,,90.717,1465.0,10^-307.653,,,,,,,,,[93220],0
93220,1,93217,Pandoraea pnomenusa,"",bacteria,false,2.90884,2396,1,,,90.717,1465.0,10^-307.653,,,,,,,,,,0
92793,2,92793,Aquabacterium,"",bacteria,false,10.2805,8468,1,,,83.093,1662.0,10^-307.653,,,,,,,,,[1296669],0
1296669,1,92793,Aquabacterium olei,"",bacteria,false,10.2805,8468,1,,,83.093,1662.0,10^-307.653,,,,,,,,,,0
84111,2,84111,Eggerthella,"",bacteria,false,27.464,22622,4,,,92.2117,5783.25,10^-307.653,,,,,,,,,"[1131820, 84112]",0
1131820,1,84111,uncultured Eggerthella sp. SMG5,"",bacteria,false,7.50277,6180,1,,,91.951,6299.0,10^-307.653,,,,,,,,,,0
84112,1,84111,Eggerthella lenta,"",bacteria,false,19.9613,16442,3,,,92.2987,5611.33,10^-307.653,,,,,,,,,,0
80865,2,80865,Delftia,"",bacteria,false,37.9691,31275,7,,,90.5694,3121.14,10^-307.653,,,,,,,,,"[180282, 80866]",0
180282,1,80865,Delftia tsuruhatensis,"",bacteria,false,3.22085,2653,1,,,91.941,608.0,10^-307.653,,,,,,,,,,0
80866,1,80865,Delftia acidovorans,"",bacteria,false,34.7483,28622,6,,,90.3408,3540.0,10^-307.653,,,,,,,,,,0
76831,2,76831,Myroides,"",bacteria,false,17.5842,14484,3,,,89.8957,4191.0,10^-307.653,,,,,,,,,"[332699, 76832]",0
332699,1,76831,uncultured Myroides sp.,"",bacteria,false,7.01109,5775,1,,,85.018,3691.0,10^-307.653,,,,,,,,,,0
76832,1,76831,Myroides odoratimimus,"",bacteria,false,10.5731,8709,2,,,92.3345,4441.0,10^-307.653,,,,,,,,,,0
75654,2,75654,Duganella,"",bacteria,false,7.50035,6178,1,,,80.337,1719.0,10^-307.653,,,,,,,,,[2728021],0
2728021,1,75654,Duganella sp. AF9R3,"",bacteria,false,7.50035,6178,1,,,80.337,1719.0,10^-307.653,,,,,,,,,,0
73029,2,73029,Dechloromonas,"",bacteria,false,11.7058,9642,2,,,83.181,2797.5,10^-307.653,,,,,,,,,"[2231055, 1917218]",0
2231055,1,73029,Dechloromonas sp. HYN0024,"",bacteria,false,7.20291,5933,1,,,82.131,4035.0,10^-307.653,,,,,,,,,,0
1917218,1,73029,Dechloromonas sp.,"",bacteria,false,4.50288,3709,1,,,84.231,1560.0,10^-307.653,,,,,,,,,,0
72763,2,72763,Tessaracoccus,"",bacteria,false,5.12204,4219,1,,,92.601,1730.0,10^-307.653,,,,,,,,,[1332264],0
1332264,1,72763,Tessaracoccus aquimaris,"",bacteria,false,5.12204,4219,1,,,92.601,1730.0,10^-307.653,,,,,,,,,,0
69578,2,69578,Cryobacterium,"",bacteria,false,3.19778,2634,1,,,85.838,1850.0,10^-307.653,,,,,,,,,[1978566],0
1978566,1,69578,Cryobacterium sp. LW097,"",bacteria,false,3.19778,2634,1,,,85.838,1850.0,10^-307.653,,,,,,,,,,0
67575,2,67575,Rheinheimera,"",bacteria,false,5.97187,4919,1,,,86.803,2205.0,10^-307.653,,,,,,,,,[1763998],0
1763998,1,67575,Rheinheimera sp. F8,"",bacteria,false,5.97187,4919,1,,,86.803,2205.0,10^-307.653,,,,,,,,,,0
59734,2,59734,Empedobacter,"",bacteria,false,217.563,179206,35,,,87.5876,3261.03,10^-305.162,,,,,,,,,"[1628248, 343874, 247]",0
1628248,1,59734,Empedobacter stercoris,"",bacteria,false,1.56368,1288,1,,,83.576,962.0,10^-307.653,,,,,,,,,,0
343874,1,59734,Empedobacter falsenii,"",bacteria,false,196.103,161529,31,,,87.5507,3539.23,10^-307.653,,,,,,,,,,0
247,1,59734,Empedobacter brevis,"",bacteria,false,19.8969,16389,3,,,89.3063,1152.67,10^-278.59,,,,,,,,,,0
59732,2,59732,Chryseobacterium,"",bacteria,false,1601.04,1318773,256,1,59474,86.4139,3627.21,10^-307.175,,,,,,,,,"[2754694, 2724619, 2713414, 2487065, 2487064, 2487063, 2478663, 2039166, 2038776, 2015076, 1932669, 1685010, 1493872, 1241982, 1141221, 1124835, 112234, 254, 253, 250, 246]",0
2754694,1,59732,Chryseobacterium manosquense,"",bacteria,false,28.0249,23084,7,,,89.0544,1702.43,10^-307.653,,,,,,,,,,0
2724619,1,59732,Chryseobacterium sp. NEB161,"",bacteria,false,36.9044,30398,6,,,90.0702,1461.83,10^-297.229,,,,,,,,,,0
2713414,1,59732,Chryseobacterium sp. POL2,"",bacteria,false,137.51,113266,20,1,59474,87.5526,4173.0,10^-304.662,,,,,,,,,,0
2487065,1,59732,Chryseobacterium sp. G0201,"",bacteria,false,43.8645,36131,7,,,86.2576,3664.0,10^-307.653,,,,,,,,,,0
2487064,1,59732,Chryseobacterium sp. G0186,"",bacteria,false,5.44497,4485,1,,,87.162,4175.0,10^-307.653,,,,,,,,,,0
2487063,1,59732,Chryseobacterium sp. G0162,"",bacteria,false,7.61932,6276,2,,,87.3235,1561.5,10^-307.653,,,,,,,,,,0
2478663,1,59732,Chryseobacterium sp. 3008163,"",bacteria,false,21.5249,17730,3,,,86.3237,2924.33,10^-307.653,,,,,,,,,,0
2039166,1,59732,Chryseobacterium sp. 6424,"",bacteria,false,13.2197,10889,2,,,89.1385,2280.5,10^-307.653,,,,,,,,,,0
2038776,1,59732,Chryseobacterium sp. 7-3A,"",bacteria,false,3.64334,3001,1,,,85.139,2187.0,10^-307.653,,,,,,,,,,0
2015076,1,59732,Chryseobacterium sp. T16E-39,"",bacteria,false,4.4786,3689,1,,,86.125,3726.0,10^-307.653,,,,,,,,,,0
1932669,1,59732,Chryseobacterium sp. JV274,"",bacteria,false,11.4885,9463,1,,,83.949,1732.0,10^-307.653,,,,,,,,,,0
1685010,1,59732,Chryseobacterium glaciei,"",bacteria,false,37.9837,31287,5,,,87.2756,4925.6,10^-307.653,,,,,,,,,,0
1493872,1,59732,Chryseobacterium shandongense,"",bacteria,false,19.0799,15716,2,,,92.5505,3149.0,10^-307.653,,,,,,,,,,0
1241982,1,59732,Chryseobacterium nakagawai,"",bacteria,false,4.4701,3682,1,,,88.931,3731.0,10^-307.653,,,,,,,,,,0
1141221,1,59732,Chryseobacterium taihuense,"",bacteria,false,9.02154,7431,2,,,84.495,1670.5,10^-307.653,,,,,,,,,,0
1124835,1,59732,Chryseobacterium carnipullorum,"",bacteria,false,15.0735,12416,2,,,88.513,2538.5,10^-307.653,,,,,,,,,,0
112234,1,59732,Chryseobacterium joostei,"",bacteria,false,4.32563,3563,1,,,83.88,1830.0,10^-307.653,,,,,,,,,,0
254,1,59732,Chryseobacterium indoltheticum,"",bacteria,false,132.255,108938,21,,,84.5433,3191.71,10^-307.653,,,,,,,,,,0
253,1,59732,Chryseobacterium indologenes,"",bacteria,false,10.5342,8677,1,,,92.981,8905.0,10^-307.653,,,,,,,,,,0
250,1,59732,Chryseobacterium gleum,"",bacteria,false,17.4543,14377,4,,,85.9287,3033.0,10^-307.653,,,,,,,,,,0
246,1,59732,Chryseobacterium balustinum,"",bacteria,false,1037.12,854274,166,,,86.1242,3840.51,10^-307.653,,,,,,,,,,0
57665,2,57665,Sulfurospirillum,"",bacteria,false,185.95,153166,32,,,90.2246,3543.25,10^-307.653,,,,,,,,,"[1854493, 1854492, 1581011, 220622, 66821, 65553]",0
1854493,1,57665,Sulfurospirillum sp. ACSTCE,"",bacteria,false,17.9168,14758,3,,,92.0273,2636.67,10^-307.653,,,,,,,,,,0
1854492,1,57665,Sulfurospirillum sp. ACSDCE,"",bacteria,false,11.7689,9694,3,,,89.6103,1230.67,10^-307.653,,,,,,,,,,0
1581011,1,57665,Sulfurospirillum sp. UCH001,"",bacteria,false,131.265,108122,22,,,90.6222,4104.59,10^-307.653,,,,,,,,,,0
220622,1,57665,Sulfurospirillum sp. JPD-1,"",bacteria,false,7.61082,6269,2,,,88.5935,3115.5,10^-307.653,,,,,,,,,,0
66821,1,57665,Sulfurospirillum multivorans,"",bacteria,false,9.91022,8163,1,,,85.131,2643.0,10^-307.653,,,,,,,,,,0
65553,1,57665,Sulfurospirillum deleyianum,"",bacteria,false,7.47849,6160,1,,,86.268,2607.0,10^-307.653,,,,,,,,,,0
55968,2,55968,Leucobacter,"",bacteria,false,3.56685,2938,1,,,92.062,2973.0,10^-307.653,,,,,,,,,[2714935],0
2714935,1,55968,Leucobacter sp. HDW9C,"",bacteria,false,3.56685,2938,1,,,92.062,2973.0,10^-307.653,,,,,,,,,,0
53460,2,53460,Nakamurella,"",bacteria,false,9.31048,7669,1,,,93.173,7836.0,10^-307.653,,,,,,,,,[53461],0
53461,1,53460,Nakamurella multipartita,"",bacteria,false,9.31048,7669,1,,,93.173,7836.0,10^-307.653,,,,,,,,,,0
51668,2,51668,Tetragenococcus,"",bacteria,false,5.15239,4244,1,,,92.231,3192.0,10^-307.653,,,,,,,,,[526944],0
526944,1,51668,Tetragenococcus osmophilus,"",bacteria,false,5.15239,4244,1,,,92.231,3192.0,10^-307.653,,,,,,,,,,0
51196,2,51196,Syntrophobotulus,"",bacteria,false,16.0569,13226,1,,,85.142,4543.0,10^-307.653,,,,,,,,,[51197],0
51197,1,51196,Syntrophobotulus glycolicus,"",bacteria,false,16.0569,13226,1,,,85.142,4543.0,10^-307.653,,,,,,,,,,0
48736,2,48736,Ralstonia,"",bacteria,false,12.4621,10265,2,,,94.9435,1815.5,10^-270.588,,,,,,,,,[329],0
329,1,48736,Ralstonia pickettii,"",bacteria,false,12.4621,10265,2,,,94.9435,1815.5,10^-270.588,,,,,,,,,,0
47420,2,47420,Hydrogenophaga,"",bacteria,false,13.0546,10753,3,,,86.0883,1436.67,10^-307.653,,,,,,,,,"[2716225, 1842537, 47421]",0
2716225,1,47420,Hydrogenophaga sp. BA0156,"",bacteria,false,5.1876,4273,1,,,86.081,1286.0,10^-307.653,,,,,,,,,,0
1842537,1,47420,Hydrogenophaga sp. RAC07,"",bacteria,false,5.49596,4527,1,,,82.403,1057.0,10^-307.653,,,,,,,,,,0
47421,1,47420,Hydrogenophaga pseudoflava,"",bacteria,false,2.37102,1953,1,,,89.781,1967.0,10^-307.653,,,,,,,,,,0
46255,2,46255,Weissella,"",bacteria,false,15.3358,12632,2,,,92.5965,5173.0,10^-307.653,,,,,,,,,[137591],0
137591,1,46255,Weissella cibaria,"",bacteria,false,15.3358,12632,2,,,92.5965,5173.0,10^-307.653,,,,,,,,,,0
44013,2,44013,Polynucleobacter,"",bacteria,false,4.41061,3633,1,,,83.732,3676.0,10^-307.653,,,,,,,,,[576610],0
576610,1,44013,Polynucleobacter necessarius,"",bacteria,false,4.41061,3633,1,,,83.732,3676.0,10^-307.653,,,,,,,,,,0
43947,2,43947,Tolumonas,"",bacteria,false,81.5095,67139,11,,,86.4548,2996.0,10^-307.653,,,,,,,,,[43948],0
43948,1,43947,Tolumonas auensis,"",bacteria,false,81.5095,67139,11,,,86.4548,2996.0,10^-307.653,,,,,,,,,,0
41275,2,41275,Brevundimonas,"",bacteria,false,12.8008,10544,2,,,83.229,3347.0,10^-307.653,,,,,,,,,"[1325724, 74329]",0
1325724,1,41275,Brevundimonas vancanneytii,"",bacteria,false,5.9658,4914,1,,,82.201,4871.0,10^-307.653,,,,,,,,,,0
74329,1,41275,Brevundimonas mediterranea,"",bacteria,false,6.83505,5630,1,,,84.257,1823.0,10^-307.653,,,,,,,,,,0
40544,2,40544,Sutterella,"",bacteria,false,4.95936,4085,1,,,95.46,1608.0,10^-307.653,,,,,,,,,[286133],0
286133,1,40544,uncultured Sutterella sp.,"",bacteria,false,4.95936,4085,1,,,95.46,1608.0,10^-307.653,,,,,,,,,,0
40323,2,40323,Stenotrophomonas,"",bacteria,false,24.9983,20591,6,,,86.4057,2541.83,10^-307.653,,,,,,,,,"[1793721, 83617, 40324]",0
1793721,1,40323,Stenotrophomonas sp. KCTC 12332,"",bacteria,false,10.5646,8702,2,,,83.44,2490.5,10^-307.653,,,,,,,,,,0
83617,1,40323,Stenotrophomonas nitritireducens,"",bacteria,false,4.75418,3916,1,,,83.919,3669.0,10^-307.653,,,,,,,,,,0
40324,1,40323,Stenotrophomonas maltophilia,"",bacteria,false,9.67955,7973,3,,,89.2117,2200.33,10^-307.653,,,,,,,,,,0
39948,2,39948,Dialister,"",bacteria,false,0.604592,498,1,,,95.283,424.0,10^-249.947,,,,,,,,,[2582419],0
2582419,1,39948,Dialister hominis,"",bacteria,false,0.604592,498,1,,,95.283,424.0,10^-249.947,,,,,,,,,,0
34084,2,34084,Riemerella,"",bacteria,false,12.1149,9979,2,,,87.648,1075.5,10^-307.653,,,,,,,,,[34085],0
34085,1,34084,Riemerella anatipestifer,"",bacteria,false,12.1149,9979,2,,,87.648,1075.5,10^-307.653,,,,,,,,,,0
34072,2,34072,Variovorax,"",bacteria,false,4.43611,3654,1,,,82.613,2266.0,10^-307.653,,,,,,,,,[34073],0
34073,1,34072,Variovorax paradoxus,"",bacteria,false,4.43611,3654,1,,,82.613,2266.0,10^-307.653,,,,,,,,,,0
34037,2,34037,Rahnella,"",bacteria,false,3.40296,2803,1,,,92.386,2850.0,10^-307.653,,,,,,,,,[34038],0
34038,1,34037,Rahnella aquatilis,"",bacteria,false,3.40296,2803,1,,,92.386,2850.0,10^-307.653,,,,,,,,,,0
33951,2,33951,Acetobacterium,"",bacteria,false,39.6299,32643,5,,,85.383,2306.4,10^-307.653,,,,,,,,,"[2184575, 33952]",0
2184575,1,33951,Acetobacterium sp. KB-1,"",bacteria,false,34.9717,28806,4,,,84.05,2578.75,10^-307.653,,,,,,,,,,0
33952,1,33951,Acetobacterium woodii,"",bacteria,false,4.65828,3837,1,,,90.715,1217.0,10^-307.653,,,,,,,,,,0
33882,2,33882,Microbacterium,"",bacteria,false,13.5584,11168,4,,,91.3217,2041.5,10^-307.653,,,,,,,,,"[2766784, 2014534, 82380, 36805]",0
2766784,1,33882,Microbacterium sp. Nx66,"",bacteria,false,1.92426,1585,1,,,91.542,804.0,10^-307.653,,,,,,,,,,0
2014534,1,33882,Microbacterium sp. PM5,"",bacteria,false,1.81378,1494,1,,,93.533,1500.0,10^-307.653,,,,,,,,,,0
82380,1,33882,Microbacterium oxydans,"",bacteria,false,6.16733,5080,1,,,92.218,5204.0,10^-307.653,,,,,,,,,,0
36805,1,33882,Microbacterium aurum,"",bacteria,false,3.65305,3009,1,,,87.994,658.0,10^-307.653,,,,,,,,,,0
33057,2,33057,Thauera,"",bacteria,false,13.7514,11327,2,,,87.671,2594.0,10^-307.653,,,,,,,,,"[1134435, 85643]",0
1134435,1,33057,Thauera humireducens,"",bacteria,false,7.18712,5920,1,,,92.747,1172.0,10^-307.653,,,,,,,,,,0
85643,1,33057,Thauera sp. MZ1T,"",bacteria,false,6.56432,5407,1,,,82.595,4016.0,10^-307.653,,,,,,,,,,0
33024,2,33024,Phascolarctobacterium,"",bacteria,false,28.6538,23602,4,,,92.3132,6035.75,10^-307.653,,,,,,,,,[33025],0
33025,1,33024,Phascolarctobacterium faecium,"",bacteria,false,28.6538,23602,4,,,92.3132,6035.75,10^-307.653,,,,,,,,,,0
32068,2,32068,Sebaldella,"",bacteria,false,57.7629,47579,8,,,92.2878,6114.12,10^-307.653,,,,,,,,,[826],0
826,1,32068,Sebaldella termitidis,"",bacteria,false,57.7629,47579,8,,,92.2878,6114.12,10^-307.653,,,,,,,,,,0
32008,2,32008,Burkholderia,"",bacteria,false,6.30937,5197,1,,,94.03,3953.0,10^-307.653,,,,,,,,,[95486],0
95486,1,32008,Burkholderia cenocepacia,"",bacteria,false,6.30937,5197,1,,,94.03,3953.0,10^-307.653,,,,,,,,,,0
29580,2,29580,Janthinobacterium,"",bacteria,false,204.534,168474,40,,,87.3817,3459.85,10^-307.374,,,,,,,,,"[2590869, 1938606, 1644131, 1537274, 375286, 55508, 29581]",0
2590869,1,29580,Janthinobacterium sp. SNU WT3,"",bacteria,false,48.6236,40051,11,,,86.8948,2911.27,10^-307.653,,,,,,,,,,0
1938606,1,29580,Janthinobacterium sp. LM6,"",bacteria,false,45.813,37736,8,,,86.7077,4608.62,10^-307.653,,,,,,,,,,0
1644131,1,29580,Janthinobacterium sp. 1_2014MBL_MicDiv,"",bacteria,false,30.9823,25520,4,,,85.5305,3320.75,10^-307.653,,,,,,,,,,0
1537274,1,29580,Janthinobacterium sp. HH102,"",bacteria,false,43.1118,35511,8,,,88.0755,3782.38,10^-307.653,,,,,,,,,,0
375286,1,29580,Janthinobacterium sp. Marseille,"",bacteria,false,2.7413,2258,1,,,89.223,2162.0,10^-307.653,,,,,,,,,,0
55508,1,29580,Janthinobacterium agaricidamnosum,"",bacteria,false,23.0874,19017,4,,,88.0478,3853.25,10^-307.653,,,,,,,,,,0
29581,1,29580,Janthinobacterium lividum,"",bacteria,false,10.1749,8381,4,,,89.406,2096.0,10^-304.865,,,,,,,,,,0
29404,2,29404,Microlunatus,"",bacteria,false,2.88699,2378,1,,,85.957,1645.0,10^-307.653,,,,,,,,,[29405],0
29405,1,29404,Microlunatus phosphovorus,"",bacteria,false,2.88699,2378,1,,,85.957,1645.0,10^-307.653,,,,,,,,,,0
29056,2,29056,Ostrinia,"",eukaryota,false,7.03051,5791,1,,,87.133,886.0,10^-307.653,,,,,,,,,[93504],0
93504,1,29056,Ostrinia furnacalis,Asian corn borer,eukaryota,false,7.03051,5791,1,,,87.133,886.0,10^-307.653,,,,,,,,,,0
28453,2,28453,Sphingobacterium,"",bacteria,false,5.05891,4167,1,,,87.05,1027.0,10^-307.653,,,,,,,,,[403776],0
403776,1,28453,Sphingobacterium sp. PM2-P1-29,"",bacteria,false,5.05891,4167,1,,,87.05,1027.0,10^-307.653,,,,,,,,,,0
28196,2,28196,Arcobacter,"",bacteria,false,4278.15,3523889,751,8,287218,87.3577,3859.23,10^-307.356,393.278,323941,65,9,323941,85.4815,532.662,10^-245.773,"[1355374, 1315211, 1278212, 1054034, 1054033, 913109, 873191, 544718, 255507, 28200, 28198, 28197]",0
1355374,1,28196,Arcobacter lanthieri,"",bacteria,false,2.58469,2129,1,,,91.911,2114.0,10^-307.653,,,,,,,,,,0
1315211,1,28196,Arcobacter aquimarinus,"",bacteria,false,27.7651,22870,6,,,85.6663,2795.5,10^-307.653,,,,,,,,,,0
1278212,1,28196,Arcobacter suis,"",bacteria,false,2239.6,1844749,390,5,179007,86.2771,4103.91,10^-307.462,292.657,241060,48,6,241060,86.9583,508.562,10^-246.45,,0
1054034,1,28196,Arcobacter cloacae,"",bacteria,false,85.8715,70732,18,,,86.9639,2089.83,10^-307.653,,,,,,,,,,0
1054033,1,28196,Arcobacter venerupis,"",bacteria,false,605.197,498498,104,2,76582,85.4502,3966.08,10^-307.653,62.222,51252,12,2,51252,78.9,609.333,10^-239.608,,0
913109,1,28196,Arcobacter ellisii,"",bacteria,false,105.7,87065,18,,,87.8787,2360.83,10^-305.053,,,,,,,,,,0
873191,1,28196,Arcobacter defluvii,"",bacteria,false,77.769,64058,10,,,87.6342,2059.6,10^-306.056,,,,,,,,,,0
544718,1,28196,Arcobacter thereius,"",bacteria,false,6.23531,5136,1,,,89.705,1253.0,10^-307.653,,,,,,,,,,0
255507,1,28196,Arcobacter cibarius,"",bacteria,false,83.5236,68798,15,,,90.896,1841.73,10^-307.138,,,,,,,,,,0
28200,1,28196,Arcobacter skirrowii,"",bacteria,false,51.1366,42121,9,,,89.2224,2817.0,10^-307.653,,,,,,,,,,0
28198,1,28196,Arcobacter cryaerophilus,"",bacteria,false,886.306,730046,158,1,31629,90.5347,4063.87,10^-307.653,38.3989,31629,5,1,31629,87.1,580.0,10^-254.069,,0
28197,1,28196,Arcobacter butzleri,"",bacteria,false,106.456,87687,21,,,89.5569,3303.29,10^-303.926,,,,,,,,,,0
28105,2,28105,Sinorhizobium,"",bacteria,false,10.3436,8520,1,,,81.801,3808.0,10^-307.653,,,,,,,,,[1842534],0
1842534,1,28105,Sinorhizobium sp. RAC02,"",bacteria,false,10.3436,8520,1,,,81.801,3808.0,10^-307.653,,,,,,,,,,0
28050,2,28050,Lachnospira,"",bacteria,false,16.4308,13534,3,,,91.248,3609.0,10^-307.653,,,,,,,,,[39485],0
39485,1,28050,Lachnospira eligens,"",bacteria,false,16.4308,13534,3,,,91.248,3609.0,10^-307.653,,,,,,,,,,0
12916,2,12916,Acidovorax,"",bacteria,false,256.28,211097,51,,,85.7569,2730.43,10^-307.085,,,,,,,,,"[2518343, 2478662, 1858609, 553814, 358220, 158751, 80867]",0
2518343,1,12916,Acidovorax sp. JMULE5,"",bacteria,false,8.28097,6821,1,,,84.539,2102.0,10^-307.653,,,,,,,,,,0
2478662,1,12916,Acidovorax sp. 1608163,"",bacteria,false,62.4648,51452,12,,,85.7468,2817.25,10^-307.653,,,,,,,,,,0
1858609,1,12916,Acidovorax sp. T1,"",bacteria,false,8.6464,7122,2,,,85.0975,2314.0,10^-307.653,,,,,,,,,,0
553814,1,12916,Acidovorax carolinensis,"",bacteria,false,97.893,80634,18,,,83.7847,3168.0,10^-307.653,,,,,,,,,,0
358220,1,12916,Acidovorax sp. KKS102,"",bacteria,false,65.6007,54035,15,,,87.4866,2526.33,10^-305.721,,,,,,,,,,0
158751,1,12916,uncultured Acidovorax sp.,"",bacteria,false,2.73159,2250,1,,,91.025,1883.0,10^-307.653,,,,,,,,,,0
80867,1,12916,Acidovorax avenae,"",bacteria,false,10.6629,8783,2,,,89.229,956.5,10^-307.653,,,,,,,,,,0
7158,2,7158,Aedes,"",eukaryota,false,7.92283,6526,1,,,89.195,1740.0,10^-307.653,,,,,,,,,[7160],0
7160,1,7158,Aedes albopictus,Asian tiger mosquito,eukaryota,false,7.92283,6526,1,,,89.195,1740.0,10^-307.653,,,,,,,,,,0
4672,2,4672,Dioscorea,"",eukaryota,false,22.098,18202,5,,,91.0726,2363.8,10^-307.653,,,,,,,,,[29710],0
29710,1,4672,Dioscorea cayenensis,"",eukaryota,false,22.098,18202,5,,,91.0726,2363.8,10^-307.653,,,,,,,,,,0
4564,2,4564,Triticum,"",eukaryota,false,4.63278,3816,1,,,89.616,1849.0,10^-307.653,,,,,,,,,[4565],0
4565,1,4564,Triticum aestivum,bread wheat,eukaryota,false,4.63278,3816,1,,,89.616,1849.0,10^-307.653,,,,,,,,,,0
2755,2,2755,Brochothrix,"",bacteria,false,9.78153,8057,1,,,93.09,8263.0,10^-307.653,,,,,,,,,[2756],0
2756,1,2755,Brochothrix thermosphacta,"",bacteria,false,9.78153,8057,1,,,93.09,8263.0,10^-307.653,,,,,,,,,,0
2747,2,2747,Carnobacterium,"",bacteria,false,12.6382,10410,1,,,89.203,3603.0,10^-307.653,,,,,,,,,[2751],0
2751,1,2747,Carnobacterium maltaromaticum,"",bacteria,false,12.6382,10410,1,,,89.203,3603.0,10^-307.653,,,,,,,,,,0
2316,2,2316,Methanosphaera,"",archaea,false,19.8908,16384,2,,,92.4195,8407.0,10^-307.653,,,,,,,,,[2317],0
2317,1,2316,Methanosphaera stadtmanae,"",archaea,false,19.8908,16384,2,,,92.4195,8407.0,10^-307.653,,,,,,,,,,0
2222,2,2222,Methanothrix,"",archaea,false,23.4067,19280,5,,,91.153,2984.0,10^-291.993,,,,,,,,,[2223],0
2223,1,2222,Methanothrix soehngenii,"",archaea,false,23.4067,19280,5,,,91.153,2984.0,10^-291.993,,,,,,,,,,0
2207,2,2207,Methanosarcina,"",archaea,false,67.7957,55843,10,,,86.551,4449.0,10^-307.653,,,,,,,,,"[1434099, 2215, 2208]",0
1434099,1,2207,Methanosarcina sp. Kolksee,"",archaea,false,13.7393,11317,2,,,91.562,4133.5,10^-307.653,,,,,,,,,,0
2215,1,2207,Methanosarcina vacuolata,"",archaea,false,26.5948,21906,3,,,87.836,6178.0,10^-307.653,,,,,,,,,,0
2208,1,2207,Methanosarcina barkeri,"",archaea,false,27.4616,22620,5,,,83.7756,3537.8,10^-307.653,,,,,,,,,,0
2172,2,2172,Methanobrevibacter,"",archaea,false,56.1275,46232,10,,,92.5684,4610.2,10^-307.653,,,,,,,,,[2173],0
2173,1,2172,Methanobrevibacter smithii,"",archaea,false,56.1275,46232,10,,,92.5684,4610.2,10^-307.653,,,,,,,,,,0
2160,2,2160,Methanobacterium,"",archaea,false,38.3054,31552,4,,,84.7045,3588.25,10^-307.653,,,,,,,,,"[877455, 59277, 2162]",0
877455,1,2160,Methanobacterium lacus,"",archaea,false,7.78443,6412,1,,,86.322,6492.0,10^-307.653,,,,,,,,,,0
59277,1,2160,Methanobacterium subterraneum,"",archaea,false,10.3497,8525,1,,,82.108,4041.0,10^-307.653,,,,,,,,,,0
2162,1,2160,Methanobacterium formicicum,"",archaea,false,20.1713,16615,2,,,85.194,1910.0,10^-307.653,,,,,,,,,,0
1730,2,1730,Eubacterium,"",bacteria,false,7.96289,6559,2,,,93.536,3312.0,10^-307.653,,,,,,,,,"[2764325, 53442]",0
2764325,1,1730,Eubacterium sp. NSJ-61,"",bacteria,false,5.99979,4942,1,,,92.659,5013.0,10^-307.653,,,,,,,,,,0
53442,1,1730,Eubacterium callanderi,"",bacteria,false,1.9631,1617,1,,,94.413,1611.0,10^-307.653,,,,,,,,,,0
1678,2,1678,Bifidobacterium,"",bacteria,false,108.873,89678,24,,,92.6883,3645.75,10^-307.653,,,,,,,,,"[216816, 28026, 1686, 1681, 1680]",0
216816,1,1678,Bifidobacterium longum,"",bacteria,false,17.8197,14678,4,,,93.2998,3709.0,10^-307.653,,,,,,,,,,0
28026,1,1678,Bifidobacterium pseudocatenulatum,"",bacteria,false,28.6089,23565,7,,,92.5204,3414.0,10^-307.653,,,,,,,,,,0
1686,1,1678,Bifidobacterium catenulatum,"",bacteria,false,6.398,5270,1,,,92.385,5371.0,10^-307.653,,,,,,,,,,0
1681,1,1678,Bifidobacterium bifidum,"",bacteria,false,11.2724,9285,3,,,93.1747,3143.67,10^-307.653,,,,,,,,,,0
1680,1,1678,Bifidobacterium adolescentis,"",bacteria,false,44.7738,36880,9,,,92.4188,3773.56,10^-307.653,,,,,,,,,,0
1647,2,1647,Erysipelothrix,"",bacteria,false,11.2712,9284,1,,,87.652,5110.0,10^-307.653,,,,,,,,,[1648],1
1648,1,1647,Erysipelothrix rhusiopathiae,"",bacteria,false,11.2712,9284,1,,,87.652,5110.0,10^-307.653,,,,,,,,,,1
1578,2,1578,Lactobacillus,"",bacteria,false,9.81188,8082,2,,,91.4355,2653.5,10^-307.653,,,,,,,,,"[33959, 1596]",0
33959,1,1578,Lactobacillus johnsonii,"",bacteria,false,4.63399,3817,1,,,92.754,966.0,10^-307.653,,,,,,,,,,0
1596,1,1578,Lactobacillus gasseri,"",bacteria,false,5.17789,4265,1,,,90.117,4341.0,10^-307.653,,,,,,,,,,0
1485,2,1485,Clostridium,"",bacteria,false,5.32964,4390,1,,,92.68,4508.0,10^-307.653,,,,,,,,,[1509],0
1509,1,1485,Clostridium sporogenes,"",bacteria,false,5.32964,4390,1,,,92.68,4508.0,10^-307.653,,,,,,,,,,0
1357,2,1357,Lactococcus,lactic streptococci,bacteria,false,524.353,431907,88,,,91.9606,4043.0,10^-307.542,,,,,,,,,"[2749961, 1366, 1358]",0
2749961,1,1357,Lactococcus carnosus,"",bacteria,false,7.90219,6509,1,,,90.773,737.0,10^-307.653,,,,,,,,,,0
1366,1,1357,Lactococcus raffinolactis,"",bacteria,false,431.362,355311,76,,,91.8539,3908.33,10^-307.525,,,,,,,,,,0
1358,1,1357,Lactococcus lactis,"",bacteria,false,85.0885,70087,11,,,92.8061,5274.0,10^-307.653,,,,,,,,,,0
1350,2,1350,Enterococcus,"",bacteria,false,65.733,54144,11,,,91.4338,2859.0,10^-304.954,,,,,,,,,"[2060307, 1354, 1352, 1351]",1
2060307,1,1350,Enterococcus sp. FDAARGOS_375,"",bacteria,false,1.93275,1592,1,,,92.146,1617.0,10^-307.653,,,,,,,,,,0
1354,1,1350,Enterococcus hirae,"",bacteria,false,5.48018,4514,1,,,93.3,4627.0,10^-307.653,,,,,,,,,,0
1352,1,1350,Enterococcus faecium,"",bacteria,false,44.7835,36888,7,,,90.5666,1975.0,10^-303.412,,,,,,,,,,0
1351,1,1350,Enterococcus faecalis,"",bacteria,false,13.5366,11150,2,,,93.18,5690.0,10^-307.653,,,,,,,,,,1
1301,2,1301,Streptococcus,"",bacteria,false,71.6612,59027,14,,,90.9602,3694.0,10^-307.653,,,,,,,,,"[2610896, 315405, 150055, 1345, 1343, 1334, 1308, 1307, 1304]",1
2610896,1,1301,Streptococcus sp. LPB0220,"",bacteria,false,1.92668,1587,1,,,88.875,1582.0,10^-307.653,,,,,,,,,,0
315405,1,1301,Streptococcus gallolyticus,"",bacteria,false,13.7903,11359,1,,,92.744,11618.0,10^-307.653,,,,,,,,,,0
150055,1,1301,Streptococcus lutetiensis,"",bacteria,false,8.01631,6603,2,,,94.1185,3342.0,10^-307.653,,,,,,,,,,0
1345,1,1301,Streptococcus ferus,"",bacteria,false,6.45627,5318,1,,,85.858,1690.0,10^-307.653,,,,,,,,,,0
1343,1,1301,Streptococcus vestibularis,"",bacteria,false,5.36728,4421,1,,,93.062,4540.0,10^-307.653,,,,,,,,,,0
1334,1,1301,Streptococcus dysgalactiae,"",bacteria,false,8.24941,6795,1,,,92.154,3696.0,10^-307.653,,,,,,,,,,0
1308,1,1301,Streptococcus thermophilus,"",bacteria,false,3.13344,2581,1,,,83.467,1748.0,10^-307.653,,,,,,,,,,0
1307,1,1301,Streptococcus suis,"",bacteria,false,3.8218,3148,1,,,90.857,2625.0,10^-307.653,,,,,,,,,,1
1304,1,1301,Streptococcus salivarius,"",bacteria,false,20.8997,17215,5,,,91.6378,3506.6,10^-307.653,,,,,,,,,,0
1279,2,1279,Staphylococcus,"",bacteria,false,14.2395,11729,1,,,92.694,11962.0,10^-307.653,,,,,,,,,[1282],1
1282,1,1279,Staphylococcus epidermidis,"",bacteria,false,14.2395,11729,1,,,92.694,11962.0,10^-307.653,,,,,,,,,,1
1263,2,1263,Ruminococcus,"",bacteria,false,18.3199,15090,5,,,92.9476,2241.4,10^-307.653,,,,,,,,,"[1160721, 657323]",0
1160721,1,1263,Ruminococcus bicirculans,"",bacteria,false,3.23178,2662,1,,,90.865,2277.0,10^-307.653,,,,,,,,,,0
657323,1,1263,Ruminococcus sp. SR1/5,"",bacteria,false,15.0881,12428,4,,,93.4682,2232.5,10^-307.653,,,,,,,,,,0
1253,2,1253,Pediococcus,"",bacteria,false,1.96796,1621,1,,,89.976,838.0,10^-307.653,,,,,,,,,[1255],0
1255,1,1253,Pediococcus pentosaceus,"",bacteria,false,1.96796,1621,1,,,89.976,838.0,10^-307.653,,,,,,,,,,0
1243,2,1243,Leuconostoc,"",bacteria,false,31.457,25911,6,,,92.5863,3189.5,10^-307.653,,,,,,,,,"[33968, 33964]",0
33968,1,1243,Leuconostoc pseudomesenteroides,"",bacteria,false,16.0156,13192,3,,,91.7507,3981.67,10^-307.653,,,,,,,,,,0
33964,1,1243,Leuconostoc citreum,"",bacteria,false,15.4414,12719,3,,,93.422,2397.33,10^-307.653,,,,,,,,,,0
1234,2,1234,Nitrospira,"",bacteria,false,8.86007,7298,1,,,85.351,5147.0,10^-307.653,,,,,,,,,[330214],0
330214,1,1234,Nitrospira defluvii,"",bacteria,false,8.86007,7298,1,,,85.351,5147.0,10^-307.653,,,,,,,,,,0
963,2,963,Herbaspirillum,"",bacteria,false,19.1163,15746,3,,,88.9167,4399.33,10^-307.653,,,,,,,,,"[863372, 80842]",0
863372,1,963,Herbaspirillum huttiense,"",bacteria,false,16.1795,13327,2,,,90.447,5542.0,10^-307.653,,,,,,,,,,0
80842,1,963,Herbaspirillum rubrisubalbicans,"",bacteria,false,2.93677,2419,1,,,85.856,2114.0,10^-307.653,,,,,,,,,,0
906,2,906,Megasphaera,"",bacteria,false,5.04313,4154,2,,,89.022,1870.0,10^-307.653,,,,,,,,,[907],0
907,1,906,Megasphaera elsdenii,"",bacteria,false,5.04313,4154,2,,,89.022,1870.0,10^-307.653,,,,,,,,,,0
904,2,904,Acidaminococcus,"",bacteria,false,25.1197,20691,5,,,92.6934,4139.8,10^-307.653,,,,,,,,,[187327],0
187327,1,904,Acidaminococcus intestini,"",bacteria,false,25.1197,20691,5,,,92.6934,4139.8,10^-307.653,,,,,,,,,,0
872,2,872,Desulfovibrio,"",bacteria,false,16.8108,13847,5,,,84.5736,2039.4,10^-307.653,,,,,,,,,"[2666132, 63561, 876]",0
2666132,1,872,Desulfovibrio sp. 86,"",bacteria,false,3.29491,2714,1,,,86.066,1586.0,10^-307.653,,,,,,,,,,0
63561,1,872,Desulfovibrio sulfodismutans,"",bacteria,false,6.10784,5031,2,,,84.8615,1474.0,10^-307.653,,,,,,,,,,0
876,1,872,Desulfovibrio desulfuricans,"",bacteria,false,7.40808,6102,2,,,83.5395,2831.5,10^-307.653,,,,,,,,,,0
864,2,864,Pectinatus,"",bacteria,false,5.18153,4268,1,,,93.533,3170.0,10^-307.653,,,,,,,,,[865],0
865,1,864,Pectinatus frisingensis,"",bacteria,false,5.18153,4268,1,,,93.533,3170.0,10^-307.653,,,,,,,,,,0
841,2,841,Roseburia,"",bacteria,false,6.96131,5734,2,,,89.357,1877.5,10^-307.653,,,,,,,,,[166486],0
166486,1,841,Roseburia intestinalis,"",bacteria,false,6.96131,5734,2,,,89.357,1877.5,10^-307.653,,,,,,,,,,0
838,2,838,Prevotella,"",bacteria,false,60.1132,49515,13,,,88.4361,2982.08,10^-303.895,,,,,,,,,[165179],0
165179,1,838,Prevotella copri,"",bacteria,false,60.1132,49515,13,,,88.4361,2982.08,10^-303.895,,,,,,,,,,0
816,2,816,Bacteroides,"",bacteria,false,212.067,174679,49,,,92.1601,3349.43,10^-305.307,,,,,,,,,"[2785531, 2755405, 2650157, 2528203, 371601, 246787, 47678, 28116, 820, 818, 817]",0
2785531,1,816,Bacteroides sp. HF-162,"",bacteria,false,8.86007,7298,2,,,91.869,3717.5,10^-307.653,,,,,,,,,,0
2755405,1,816,Bacteroides sp. CACC 737,"",bacteria,false,18.553,15282,4,,,91.6355,3156.25,10^-307.653,,,,,,,,,,0
2650157,1,816,Bacteroides sp. HF-5287,"",bacteria,false,1.02101,841,1,,,93.513,817.0,10^-307.653,,,,,,,,,,0
2528203,1,816,Bacteroides sp. A1C1,"",bacteria,false,11.4812,9457,3,,,91.988,3174.67,10^-287.946,,,,,,,,,,0
371601,1,816,Bacteroides xylanisolvens,"",bacteria,false,9.11381,7507,3,,,90.511,2533.0,10^-307.653,,,,,,,,,,0
246787,1,816,Bacteroides cellulosilyticus,"",bacteria,false,23.0291,18969,4,,,92.4908,3713.25,10^-307.653,,,,,,,,,,0
47678,1,816,Bacteroides caccae,"",bacteria,false,2.44629,2015,1,,,93.435,2026.0,10^-307.653,,,,,,,,,,0
28116,1,816,Bacteroides ovatus,"",bacteria,false,9.15508,7541,3,,,91.2803,2154.0,10^-307.653,,,,,,,,,,0
820,1,816,Bacteroides uniformis,"",bacteria,false,66.4845,54763,15,,,92.606,3525.13,10^-303.93,,,,,,,,,,0
818,1,816,Bacteroides thetaiotaomicron,"",bacteria,false,34.0526,28049,8,,,91.8419,3315.0,10^-307.653,,,,,,,,,,0
817,1,816,Bacteroides fragilis,"",bacteria,false,27.8707,22957,5,,,92.698,4676.8,10^-307.653,,,,,,,,,,0
810,2,810,Chlamydia,"",bacteria,false,0.648298,534,1,,,93.548,496.0,10^-282.816,,,,,,,,,[813],1
813,1,810,Chlamydia trachomatis,"",bacteria,false,0.648298,534,1,,,93.548,496.0,10^-282.816,,,,,,,,,,1
662,2,662,Vibrio,"",bacteria,false,2.27268,1872,1,,,94.721,1345.0,10^-307.653,,,,,,,,,[666],1
666,1,662,Vibrio cholerae,"",bacteria,false,2.27268,1872,1,,,94.721,1345.0,10^-307.653,,,,,,,,,,1
642,2,642,Aeromonas,"",bacteria,false,596.854,491626,118,,,91.5482,3559.69,10^-307.653,,,,,,,,,"[2675707, 2560029, 2033032, 1920107, 1636609, 1636607, 948519, 633417, 600645, 656, 654, 651, 648, 645, 644]",3
2675707,1,642,Aeromonas sp. WP2-W18-CRE-05,"",bacteria,false,13.5608,11170,2,,,88.728,1926.5,10^-307.653,,,,,,,,,,0
2560029,1,642,Aeromonas sp. 2692-1,"",bacteria,false,11.4351,9419,1,,,92.177,9613.0,10^-307.653,,,,,,,,,,0
2033032,1,642,Aeromonas sp. CA23,"",bacteria,false,44.3938,36567,8,,,90.087,4030.0,10^-307.653,,,,,,,,,,0
1920107,1,642,Aeromonas sp. ASNIH7,"",bacteria,false,3.75867,3096,1,,,89.199,3120.0,10^-307.653,,,,,,,,,,0
1636609,1,642,Aeromonas sp. ASNIH4,"",bacteria,false,5.86867,4834,1,,,93.397,1045.0,10^-307.653,,,,,,,,,,0
1636607,1,642,Aeromonas sp. ASNIH2,"",bacteria,false,6.99288,5760,1,,,94.188,3854.0,10^-307.653,,,,,,,,,,0
948519,1,642,Aeromonas rivipollensis,"",bacteria,false,7.43843,6127,3,,,91.8067,2058.67,10^-307.653,,,,,,,,,,0
633417,1,642,Aeromonas taiwanensis,"",bacteria,false,16.6566,13720,2,,,89.7195,2123.0,10^-307.653,,,,,,,,,,0
600645,1,642,Aeromonas piscicola,"",bacteria,false,4.01605,3308,1,,,91.626,1863.0,10^-307.653,,,,,,,,,,0
656,1,642,Aeromonas allosaccharophila,"",bacteria,false,13.97,11507,3,,,89.3537,3903.33,10^-307.653,,,,,,,,,,0
654,1,642,Aeromonas veronii,"",bacteria,false,38.7243,31897,10,,,91.1096,3243.8,10^-307.653,,,,,,,,,,1
651,1,642,Aeromonas media,"",bacteria,false,312.222,257176,61,,,91.9681,3788.62,10^-307.653,,,,,,,,,,0
648,1,642,Aeromonas caviae,"",bacteria,false,58.5835,48255,13,,,92.0708,2341.54,10^-307.653,,,,,,,,,,1
645,1,642,Aeromonas salmonicida,"",bacteria,false,2.93798,2420,1,,,95.279,1059.0,10^-307.653,,,,,,,,,,0
644,1,642,Aeromonas hydrophila,"",bacteria,false,56.2951,46370,10,,,90.768,4728.0,10^-307.653,,,,,,,,,,1
613,2,613,Serratia,"",bacteria,false,11.6427,9590,3,,,91.5217,3237.0,10^-307.653,,,,,,,,,"[82995, 615]",0
82995,1,613,Serratia grimesii,"",bacteria,false,4.09132,3370,1,,,88.299,3410.0,10^-307.653,,,,,,,,,,0
615,1,613,Serratia marcescens,"",bacteria,false,7.55133,6220,2,,,93.133,3150.5,10^-307.653,,,,,,,,,,0
586,2,586,Providencia,"",bacteria,false,6.0957,5021,1,,,92.709,5116.0,10^-307.653,,,,,,,,,[126385],0
126385,1,586,Providencia alcalifaciens,"",bacteria,false,6.0957,5021,1,,,92.709,5116.0,10^-307.653,,,,,,,,,,0
583,2,583,Proteus,"",bacteria,false,2.91734,2403,1,,,93.548,2449.0,10^-307.653,,,,,,,,,[584],1
584,1,583,Proteus mirabilis,"",bacteria,false,2.91734,2403,1,,,93.548,2449.0,10^-307.653,,,,,,,,,,1
579,2,579,Kluyvera,"",bacteria,false,19.0034,15653,4,,,84.4645,3765.75,10^-307.653,,,,,,,,,"[2774055, 61648, 51288]",0
2774055,1,579,Kluyvera genomosp. 3,"",bacteria,false,3.85944,3179,1,,,83.052,2490.0,10^-307.653,,,,,,,,,,0
61648,1,579,Kluyvera intermedia,"",bacteria,false,13.057,10755,2,,,81.946,5422.5,10^-307.653,,,,,,,,,,0
51288,1,579,Kluyvera ascorbata,"",bacteria,false,2.08694,1719,1,,,90.914,1728.0,10^-307.653,,,,,,,,,,0
570,2,570,Klebsiella,"",bacteria,false,596.596,491413,105,,,92.6121,4580.36,10^-306.436,,,,,,,,,"[2742651, 2675726, 2675711, 2058152, 2015795, 1972757, 1463165, 1134687, 244366, 573, 571]",1
2742651,1,570,Klebsiella sp. RHBSTW-00484,"",bacteria,false,14.333,11806,2,,,92.554,5978.0,10^-307.653,,,,,,,,,,0
2675726,1,570,Klebsiella sp. WP8-S18-ESBL-06,"",bacteria,false,2.836,2336,1,,,92.706,2358.0,10^-307.653,,,,,,,,,,0
2675711,1,570,Klebsiella sp. WP3-S18-ESBL-05,"",bacteria,false,3.21721,2650,1,,,83.408,2670.0,10^-307.653,,,,,,,,,,0
2058152,1,570,Klebsiella grimontii,"",bacteria,false,20.6508,17010,2,,,92.433,8014.0,10^-307.653,,,,,,,,,,0
2015795,1,570,Klebsiella sp. LY,"",bacteria,false,65.0107,53549,7,,,93.0177,7814.29,10^-307.653,,,,,,,,,,0
1972757,1,570,Klebsiella sp. PO552,"",bacteria,false,11.9571,9849,1,,,93.696,10041.0,10^-307.653,,,,,,,,,,0
1463165,1,570,Klebsiella quasipneumoniae,"",bacteria,false,351.369,289421,66,,,93.0358,4287.53,10^-306.187,,,,,,,,,,0
1134687,1,570,Klebsiella michiganensis,"",bacteria,false,4.07068,3353,1,,,93.567,3420.0,10^-307.653,,,,,,,,,,0
244366,1,570,Klebsiella variicola,"",bacteria,false,29.7064,24469,6,,,92.493,3890.33,10^-307.653,,,,,,,,,,0
573,1,570,Klebsiella pneumoniae,"",bacteria,false,87.2738,71887,16,,,91.5192,4270.06,10^-305.713,,,,,,,,,,1
571,1,570,Klebsiella oxytoca,"",bacteria,false,6.17097,5083,2,,,90.0815,2562.5,10^-307.653,,,,,,,,,,0
561,2,561,Escherichia,"",bacteria,false,74.9585,61743,15,,,92.8569,4041.93,10^-307.653,866.065,713374,124,1,713374,98.4,373.0,10^-233.484,[562],1
562,1,561,Escherichia coli,"",bacteria,false,74.9585,61743,15,,,92.8569,4041.93,10^-307.653,866.065,713374,124,1,713374,98.4,373.0,10^-233.484,,1
547,2,547,Enterobacter,"",bacteria,false,122.565,100956,24,,,91.4037,4050.21,10^-307.653,,,,,,,,,"[2742639, 2596949, 1812935, 539813, 399742, 208224, 158836, 61645, 550]",1
2742639,1,547,Enterobacter sp. RHBSTW-00175,"",bacteria,false,5.41098,4457,1,,,93.276,4521.0,10^-307.653,,,,,,,,,,0
2596949,1,547,Enterobacter sp. E76,"",bacteria,false,5.08562,4189,1,,,85.372,2967.0,10^-307.653,,,,,,,,,,0
1812935,1,547,Enterobacter roggenkampii,"",bacteria,false,15.9294,13121,4,,,91.3005,3043.5,10^-307.653,,,,,,,,,,0
539813,1,547,Enterobacter mori,"",bacteria,false,5.00428,4122,1,,,92.398,4196.0,10^-307.653,,,,,,,,,,0
399742,1,547,Enterobacter sp. 638,"",bacteria,false,3.38353,2787,1,,,90.31,2807.0,10^-307.653,,,,,,,,,,0
208224,1,547,Enterobacter kobei,"",bacteria,false,12.2023,10051,3,,,92.6747,3402.0,10^-307.653,,,,,,,,,,0
158836,1,547,Enterobacter hormaechei,"",bacteria,false,25.8214,21269,6,,,91.3435,3094.5,10^-307.653,,,,,,,,,,0
61645,1,547,Enterobacter asburiae,"",bacteria,false,27.9509,23023,4,,,90.8708,5877.25,10^-307.653,,,,,,,,,,0
550,1,547,Enterobacter cloacae,"",bacteria,false,21.7763,17937,3,,,92.521,6086.0,10^-307.653,,,,,,,,,,1
544,2,544,Citrobacter,"",bacteria,false,127.468,104995,23,,,92.5163,4156.74,10^-307.653,,,,,,,,,"[2742677, 2742662, 2742655, 2742653, 2546350, 1639133, 184912, 546]",0
2742677,1,544,Citrobacter sp. RHBSTW-01013,"",bacteria,false,19.3652,15951,2,,,92.693,8181.5,10^-307.653,,,,,,,,,,0
2742662,1,544,Citrobacter sp. RHBSTW-00696,"",bacteria,false,5.30779,4372,1,,,93.487,4437.0,10^-307.653,,,,,,,,,,0
2742655,1,544,Citrobacter sp. RHBSTW-00570,"",bacteria,false,3.0958,2550,1,,,92.012,2629.0,10^-307.653,,,,,,,,,,0
2742653,1,544,Citrobacter sp. RHBSTW-00524,"",bacteria,false,10.3242,8504,1,,,92.598,6890.0,10^-307.653,,,,,,,,,,0
2546350,1,544,Citrobacter sp. LY-1,"",bacteria,false,6.44049,5305,1,,,92.975,3089.0,10^-307.653,,,,,,,,,,0
1639133,1,544,Citrobacter portucalensis,"",bacteria,false,12.8664,10598,2,,,91.936,5412.5,10^-307.653,,,,,,,,,,0
184912,1,544,Citrobacter sp. TSA-1,"",bacteria,false,6.86783,5657,1,,,92.693,5748.0,10^-307.653,,,,,,,,,,0
546,1,544,Citrobacter freundii,"",bacteria,false,63.2005,52058,14,,,92.4895,3258.86,10^-307.653,,,,,,,,,,0
497,2,497,Psychrobacter,"",bacteria,false,10.255,8447,1,,,93.628,3735.0,10^-307.653,,,,,,,,,[2733866],0
2733866,1,497,Psychrobacter sp. KCTC 72983,"",bacteria,false,10.255,8447,1,,,93.628,3735.0,10^-307.653,,,,,,,,,,0
482,2,482,Neisseria,"",bacteria,false,6.55218,5397,1,,,82.201,3399.0,10^-307.653,,,,,,,,,[194197],0
194197,1,482,Neisseria dentiae,"",bacteria,false,6.55218,5397,1,,,82.201,3399.0,10^-307.653,,,,,,,,,,0
475,2,475,Moraxella,"",bacteria,false,1669.72,1375343,307,2,65952,90.2424,4000.71,10^-306.467,80.0684,65952,12,2,65952,90.9,535.667,10^-264.377,[34062],0
34062,1,475,Moraxella osloensis,"",bacteria,false,1669.72,1375343,307,2,65952,90.2424,4000.71,10^-306.467,80.0684,65952,12,2,65952,90.9,535.667,10^-264.377,,0
469,2,469,Acinetobacter,"",bacteria,false,20043.0,16509340,3222,62,10288961,92.1282,15276.6,10^-307.282,8496.14,6998229,1260,41,6998229,94.9667,888.063,10^-305.994,"[2798861, 2749440, 2749436, 2743575, 2725684, 2715163, 2653125, 2601158, 2601122, 2563897, 2136182, 2079596, 2006115, 2004650, 2004647, 2004646, 2004644, 1960826, 1960825, 1891224, 1879050, 1879049, 1871111, 1827285, 1795629, 1758189, 1646498, 1608473, 1530123, 1407071, 756892, 619773, 487316, 202956, 202954, 108981, 108980, 106654, 106649, 106648, 70348, 70346, 52133, 48296, 40216, 40215, 40214, 29430, 28090, 472, 470]",0
2798861,1,469,Acinetobacter sp. CS-2,"",bacteria,false,857.041,705941,132,1,322602,86.9685,3304.92,10^-307.653,,,,,,,,,,0
2749440,1,469,Acinetobacter sp. SwsAc7,"",bacteria,false,,,,,,,,,200.283,164972,36,1,164972,97.5,814.0,10^-307.653,,0
2749436,1,469,Acinetobacter sp. SwsAc3,"",bacteria,false,,,,,,,,,171.051,140894,25,1,140894,91.1,1242.0,10^-307.653,,0
2743575,1,469,Acinetobacter sp. NEB 394,"",bacteria,false,3305.75,2722930,543,16,1995462,93.1029,17160.9,10^-307.443,154.782,127493,27,1,127493,95.3,792.0,10^-307.653,,0
2725684,1,469,Acinetobacter sp. NEB149,"",bacteria,false,3.08124,2538,1,,,90.719,2586.0,10^-307.653,,,,,,,,,,0
2715163,1,469,Acinetobacter lanii,"",bacteria,false,8.04666,6628,1,,,82.74,4015.0,10^-307.653,,,,,,,,,,0
2653125,1,469,Acinetobacter sp. 8I-beige,"",bacteria,false,,,,,,,,,145.611,119939,19,2,119939,91.8474,897.421,10^-307.653,,0
2601158,1,469,Acinetobacter sp. YH12227,"",bacteria,false,,,,,,,,,128.709,106017,21,1,106017,97.1,722.0,10^-307.653,,0
2601122,1,469,Acinetobacter sp. YH12138,"",bacteria,false,38.2411,31499,6,,,87.8135,3528.83,10^-307.653,,,,,,,,,,0
2563897,1,469,Acinetobacter sp. 10FS3-1,"",bacteria,false,8.19963,6754,1,,,88.899,3144.0,10^-307.653,,,,,,,,,,0
2136182,1,469,Acinetobacter cumulans,"",bacteria,false,23.7369,19552,5,,,89.3986,3582.2,10^-307.653,314.601,259135,47,1,259135,96.8,537.0,10^-307.653,,0
2079596,1,469,Acinetobacter sp. SWBY1,"",bacteria,false,11.9498,9843,3,,,92.76,2960.33,10^-307.653,,,,,,,,,,0
2006115,1,469,Acinetobacter piscicola,"",bacteria,false,61.2799,50476,10,,,89.2355,3329.7,10^-307.653,,,,,,,,,,0
2004650,1,469,Acinetobacter chinensis,"",bacteria,false,22.0713,18180,4,,,91.7505,4114.75,10^-307.653,,,,,,,,,,0
2004647,1,469,Acinetobacter sp. WCHAc010052,"",bacteria,false,24.0404,19802,4,,,86.4765,2777.25,10^-307.653,,,,,,,,,,0
2004646,1,469,Acinetobacter sp. WCHA55,"",bacteria,false,149.95,123513,23,1,95560,91.758,6218.57,10^-307.653,227.593,187467,38,1,187467,99.2,472.0,10^-307.653,,0
2004644,1,469,Acinetobacter sp. WCHA45,"",bacteria,false,124.61,102641,22,,,85.6815,2953.95,10^-307.653,,,,,,,,,,0
1960826,1,469,Acinetobacter sp. MF4640,"",bacteria,false,,,,,,,,,336.746,277376,53,2,277376,97.2472,831.604,10^-307.653,,0
1960825,1,469,Acinetobacter sp. MF4642,"",bacteria,false,,,,,,,,,222.072,182920,38,3,182920,96.1816,872.474,10^-300.528,,0
1891224,1,469,Acinetobacter celticus,"",bacteria,false,2.94405,2425,1,,,92.435,542.0,10^-301.991,,,,,,,,,,0
1879050,1,469,Acinetobacter wuhouensis,"",bacteria,false,65.5485,53992,16,,,90.9987,2366.94,10^-302.494,,,,,,,,,,0
1879049,1,469,Acinetobacter sp. WCHAc010034,"",bacteria,false,48.8142,40208,11,,,89.5397,2405.73,10^-301.15,,,,,,,,,,0
1871111,1,469,Acinetobacter defluvii,"",bacteria,false,5.12811,4224,1,,,87.139,832.0,10^-307.653,,,,,,,,,,0
1827285,1,469,Acinetobacter sp. MYb10,"",bacteria,false,110.483,91004,23,,,90.4282,3587.17,10^-307.653,,,,,,,,,,0
1795629,1,469,Acinetobacter sp. BMW17,"",bacteria,false,,,,,,,,,527.492,434493,74,1,434493,93.2,921.0,10^-307.653,,0
1758189,1,469,Acinetobacter sp. ACNIH2,"",bacteria,false,191.997,158147,32,,,88.9326,3156.06,10^-300.408,,,,,,,,,,0
1646498,1,469,Acinetobacter sp. TTH0-4,"",bacteria,false,136.243,112223,23,,,87.93,3289.3,10^-307.653,,,,,,,,,,0
1608473,1,469,Acinetobacter sp. NCu2D-2,"",bacteria,false,10.6229,8750,2,,,87.721,2720.5,10^-307.653,,,,,,,,,,0
1530123,1,469,Acinetobacter seifertii,"",bacteria,false,58.6989,48350,13,,,90.2387,3051.46,10^-307.653,,,,,,,,,,0
1407071,1,469,Acinetobacter sp. TGL-Y2,"",bacteria,false,25.7231,21188,3,,,84.2097,1695.67,10^-307.653,,,,,,,,,,0
756892,1,469,Acinetobacter indicus,"",bacteria,false,77.8601,64133,16,,,89.9986,2607.12,10^-307.653,,,,,,,,,,0
619773,1,469,Acinetobacter sp. NFM2,"",bacteria,false,5.54088,4564,1,,,92.705,4647.0,10^-307.653,,,,,,,,,,0
487316,1,469,Acinetobacter soli,"",bacteria,false,9.3032,7663,1,,,90.552,5292.0,10^-307.653,,,,,,,,,,0
202956,1,469,Acinetobacter towneri,"",bacteria,false,16.3835,13495,2,,,91.0725,1978.0,10^-307.653,,,,,,,,,,0
202954,1,469,Acinetobacter tandoii,"",bacteria,false,20.5306,16911,3,,,82.871,4980.67,10^-307.653,,,,,,,,,,0
108981,1,469,Acinetobacter schindleri,"",bacteria,false,75.8788,62501,10,,,88.5567,3412.6,10^-307.653,,,,,,,,,,0
108980,1,469,Acinetobacter ursingii,"",bacteria,false,7.49549,6174,2,,,93.084,3079.5,10^-307.653,,,,,,,,,,0
106654,1,469,Acinetobacter nosocomialis,"",bacteria,false,41.7035,34351,7,,,91.5213,3236.86,10^-307.653,,,,,,,,,,0
106649,1,469,Acinetobacter guillouiae,"",bacteria,false,91.3529,75247,19,,,90.4663,3943.11,10^-306.923,,,,,,,,,,0
106648,1,469,Acinetobacter bereziniae,"",bacteria,false,9.79731,8070,2,,,84.6675,3692.5,10^-307.653,,,,,,,,,,0
70348,1,469,Acinetobacter dispersus,"",bacteria,false,19.1588,15781,3,,,82.0103,4579.0,10^-307.653,,,,,,,,,,0
70346,1,469,Acinetobacter variabilis,"",bacteria,false,5.60644,4618,2,,,89.6205,1013.0,10^-307.653,,,,,,,,,,0
52133,1,469,Acinetobacter venetianus,"",bacteria,false,14.4155,11874,2,,,91.991,3235.0,10^-307.653,,,,,,,,,,0
48296,1,469,Acinetobacter pittii,"",bacteria,false,128.015,105445,22,,,92.5106,2949.5,10^-303.474,265.859,218987,40,1,218987,96.4,742.0,10^-307.653,,0
40216,1,469,Acinetobacter radioresistens,"",bacteria,false,23.8256,19625,4,,,90.0247,1521.25,10^-307.653,,,,,,,,,,0
40215,1,469,Acinetobacter junii,"",bacteria,false,23.8608,19654,7,,,90.5923,2399.14,10^-307.653,,,,,,,,,,0
40214,1,469,Acinetobacter johnsonii,"",bacteria,false,13009.9,10716213,2047,41,7396798,92.5262,18448.4,10^-307.42,5342.3,4400427,779,24,4400427,94.875,960.076,10^-305.317,,0
29430,1,469,Acinetobacter haemolyticus,"",bacteria,false,103.058,84888,17,,,90.8375,3238.18,10^-303.413,,,,,,,,,,0
28090,1,469,Acinetobacter lwoffii,"",bacteria,false,453.283,373367,67,2,219404,93.5215,5154.57,10^-307.653,,,,,,,,,,0
472,1,469,Acinetobacter sp.,"",bacteria,false,15.6381,12881,3,,,90.6583,1748.67,10^-307.653,,,,,,,,,,0
470,1,469,Acinetobacter baumannii,"",bacteria,false,596.188,491077,105,1,259135,92.7712,2568.34,10^-307.328,459.04,378109,63,2,378109,90.8667,617.0,10^-307.653,,0
445,2,445,Legionella,"",bacteria,false,0.950594,783,1,,,89.587,653.0,10^-307.653,,,,,,,,,[28084],0
28084,1,445,Legionella cherrii,"",bacteria,false,0.950594,783,1,,,89.587,653.0,10^-307.653,,,,,,,,,,0
357,2,357,Agrobacterium,"",bacteria,false,8.55413,7046,3,,,91.581,2363.67,10^-307.653,,,,,,,,,[358],0
358,1,357,Agrobacterium tumefaciens,"",bacteria,false,8.55413,7046,3,,,91.581,2363.67,10^-307.653,,,,,,,,,,0
349,2,349,Zoogloea,"",bacteria,false,9.30198,7662,1,,,82.444,2774.0,10^-307.653,,,,,,,,,[310767],0
310767,1,349,Zoogloea oryzae,"",bacteria,false,9.30198,7662,1,,,82.444,2774.0,10^-307.653,,,,,,,,,,0
286,2,286,Pseudomonas,"",bacteria,false,1062.64,875289,201,,,89.1155,3677.89,10^-305.997,,,,,,,,,"[2749807, 2738843, 2731681, 2664899, 2614442, 2605424, 2559074, 2320867, 2219057, 2083055, 2049589, 2018067, 1930532, 1886807, 1788301, 1573718, 1573704, 1415630, 1283291, 1274359, 1207075, 1206777, 1173273, 676210, 587753, 437900, 395598, 380021, 364197, 359110, 237609, 200451, 198620, 198618, 143813, 129817, 122355, 104087, 101564, 86185, 78543, 76761, 76758, 75612, 75588, 74829, 53407, 47883, 47880, 47878, 316, 303, 301, 300, 296, 294, 287]",0
2749807,1,286,Pseudomonas sp. Y39-6,"",bacteria,false,34.7641,28635,6,,,93.9947,4852.67,10^-294.043,,,,,,,,,,0
2738843,1,286,Pseudomonas sp. B14-6,"",bacteria,false,8.49343,6996,1,,,81.913,1913.0,10^-307.653,,,,,,,,,,0
2731681,1,286,Pseudomonas sp. S1-A32-2,"",bacteria,false,10.9191,8994,2,,,86.85,2301.0,10^-307.653,,,,,,,,,,0
2664899,1,286,Pseudomonas sp. CFSAN084952,"",bacteria,false,7.41658,6109,1,,,92.858,6217.0,10^-307.653,,,,,,,,,,0
2614442,1,286,Pseudomonas sp. LPB0260,"",bacteria,false,3.98205,3280,1,,,83.78,2201.0,10^-307.653,,,,,,,,,,0
2605424,1,286,Pseudomonas sp. J380,"",bacteria,false,2.83114,2332,1,,,93.617,2350.0,10^-307.653,,,,,,,,,,0
2559074,1,286,Pseudomonas sp. S150,"",bacteria,false,15.388,12675,4,,,90.1332,2412.5,10^-307.653,,,,,,,,,,0
2320867,1,286,Pseudomonas sp. K2W31S-8,"",bacteria,false,11.4715,9449,1,,,82.702,2087.0,10^-307.653,,,,,,,,,,0
2219057,1,286,Pseudomonas sp. LG1E9,"",bacteria,false,7.48335,6164,2,,,92.08,3113.0,10^-307.653,,,,,,,,,,0
2083055,1,286,Pseudomonas sp. LH1G9,"",bacteria,false,10.8171,8910,2,,,92.6115,4208.0,10^-307.653,,,,,,,,,,0
2049589,1,286,Pseudomonas sp. HLS-6,"",bacteria,false,47.0295,38738,11,,,91.4012,3447.09,10^-307.653,,,,,,,,,,0
2018067,1,286,Pseudomonas sp. FDAARGOS_380,"",bacteria,false,8.17535,6734,2,,,91.1805,3374.0,10^-307.653,,,,,,,,,,0
1930532,1,286,Pseudomonas sp. CC6-YY-74,"",bacteria,false,3.70404,3051,1,,,83.978,1111.0,10^-307.653,,,,,,,,,,0
1886807,1,286,Pseudomonas sp. TMW 2.1634,"",bacteria,false,30.9556,25498,5,,,87.25,3501.6,10^-307.653,,,,,,,,,,0
1788301,1,286,Pseudomonas versuta,"",bacteria,false,22.1198,18220,4,,,88.6872,3220.5,10^-307.653,,,,,,,,,,0
1573718,1,286,Pseudomonas sp. S34,"",bacteria,false,5.06619,4173,1,,,82.499,4194.0,10^-307.653,,,,,,,,,,0
1573704,1,286,Pseudomonas sp. R32,"",bacteria,false,2.97319,2449,1,,,80.495,2184.0,10^-307.653,,,,,,,,,,0
1415630,1,286,Pseudomonas sp. TKP,"",bacteria,false,3.34468,2755,1,,,93.248,2799.0,10^-307.653,,,,,,,,,,0
1283291,1,286,Pseudomonas sp. URMO17WK12:I11,"",bacteria,false,6.20496,5111,1,,,81.431,5170.0,10^-307.653,,,,,,,,,,0
1274359,1,286,Pseudomonas sihuiensis,"",bacteria,false,7.80993,6433,1,,,83.895,2819.0,10^-307.653,,,,,,,,,,0
1207075,1,286,Pseudomonas sp. UW4,"",bacteria,false,5.72785,4718,1,,,82.755,4813.0,10^-307.653,,,,,,,,,,0
1206777,1,286,Pseudomonas sp. Lz4W,"",bacteria,false,5.3697,4423,1,,,88.644,590.0,10^-299.209,,,,,,,,,,0
1173273,1,286,Pseudomonas sp. R2-37-08W,"",bacteria,false,6.05442,4987,1,,,83.996,1912.0,10^-307.653,,,,,,,,,,0
676210,1,286,Pseudomonas sp. ATCC 43928,"",bacteria,false,7.61447,6272,1,,,81.584,5077.0,10^-307.653,,,,,,,,,,0
587753,1,286,Pseudomonas chlororaphis,"",bacteria,false,3.41631,2814,1,,,82.557,1502.0,10^-307.653,,,,,,,,,,0
437900,1,286,Pseudomonas marincola,"",bacteria,false,3.40417,2804,1,,,88.576,2845.0,10^-307.653,,,,,,,,,,0
395598,1,286,Pseudomonas reinekei,"",bacteria,false,7.61447,6272,1,,,86.03,2627.0,10^-307.653,,,,,,,,,,0
380021,1,286,Pseudomonas protegens,"",bacteria,false,25.4815,20989,5,,,89.795,4103.8,10^-307.653,,,,,,,,,,0
364197,1,286,Pseudomonas pohangensis,"",bacteria,false,1.96796,1621,1,,,82.259,1443.0,10^-307.653,,,,,,,,,,0
359110,1,286,Pseudomonas extremaustralis,"",bacteria,false,95.1942,78411,20,,,92.1614,3686.25,10^-307.653,,,,,,,,,,0
237609,1,286,Pseudomonas alkylphenolica,"",bacteria,false,8.42909,6943,1,,,85.897,7041.0,10^-307.653,,,,,,,,,,0
200451,1,286,Pseudomonas poae,"",bacteria,false,17.5198,14431,4,,,87.9577,2755.5,10^-307.653,,,,,,,,,,0
198620,1,286,Pseudomonas koreensis,"",bacteria,false,13.3787,11020,2,,,87.4645,5452.0,10^-307.653,,,,,,,,,,0
198618,1,286,Pseudomonas umsongensis,"",bacteria,false,6.73186,5545,1,,,85.686,5547.0,10^-307.653,,,,,,,,,,0
143813,1,286,Pseudomonas sp. LAB-08,"",bacteria,false,25.178,20739,4,,,83.452,5253.0,10^-307.653,,,,,,,,,,0
129817,1,286,Pseudomonas brenneri,"",bacteria,false,5.57123,4589,1,,,90.953,3968.0,10^-307.653,,,,,,,,,,0
122355,1,286,Pseudomonas psychrophila,"",bacteria,false,62.9225,51829,10,,,88.0607,4345.9,10^-300.717,,,,,,,,,,0
104087,1,286,Pseudomonas frederiksbergensis,"",bacteria,false,4.37176,3601,1,,,81.111,3637.0,10^-307.653,,,,,,,,,,0
101564,1,286,Pseudomonas alcaliphila,"",bacteria,false,9.85437,8117,1,,,94.067,2073.0,10^-307.653,,,,,,,,,,0
86185,1,286,Pseudomonas lundensis,"",bacteria,false,4.25279,3503,1,,,91.866,3553.0,10^-307.653,,,,,,,,,,0
78543,1,286,Pseudomonas migulae,"",bacteria,false,16.511,13600,3,,,93.5447,3452.67,10^-307.653,,,,,,,,,,0
76761,1,286,Pseudomonas veronii,"",bacteria,false,14.4617,11912,3,,,92.1503,2996.0,10^-284.974,,,,,,,,,,0
76758,1,286,Pseudomonas orientalis,"",bacteria,false,4.98728,4108,1,,,89.03,4175.0,10^-307.653,,,,,,,,,,0
75612,1,286,Pseudomonas mandelii,"",bacteria,false,15.6186,12865,3,,,90.952,3423.33,10^-307.653,,,,,,,,,,0
75588,1,286,Pseudomonas libanensis,"",bacteria,false,16.999,14002,4,,,92.8925,3552.75,10^-307.653,,,,,,,,,,0
74829,1,286,Pseudomonas balearica,"",bacteria,false,1.43985,1186,1,,,88.368,1023.0,10^-307.653,,,,,,,,,,0
53407,1,286,Pseudomonas asplenii,"",bacteria,false,5.15482,4246,1,,,80.032,1262.0,10^-307.653,,,,,,,,,,0
47883,1,286,Pseudomonas synxantha,"",bacteria,false,18.122,14927,2,,,91.7055,6984.0,10^-307.653,,,,,,,,,,0
47880,1,286,Pseudomonas fulva,"",bacteria,false,3.81573,3143,1,,,88.802,3197.0,10^-307.653,,,,,,,,,,0
47878,1,286,Pseudomonas azotoformans,"",bacteria,false,4.28314,3528,1,,,85.718,3592.0,10^-307.653,,,,,,,,,,0
316,1,286,Pseudomonas stutzeri,"",bacteria,false,23.221,19127,3,,,81.9183,3552.67,10^-307.653,,,,,,,,,,0
303,1,286,Pseudomonas putida,"",bacteria,false,36.7502,30271,7,,,89.66,2776.0,10^-307.653,,,,,,,,,,0
301,1,286,Pseudomonas oleovorans,"",bacteria,false,8.19842,6753,1,,,92.303,1663.0,10^-307.653,,,,,,,,,,0
300,1,286,Pseudomonas mendocina,"",bacteria,false,6.08477,5012,1,,,82.353,2737.0,10^-307.653,,,,,,,,,,0
296,1,286,Pseudomonas fragi,"",bacteria,false,216.084,177987,44,,,88.7203,4022.43,10^-305.258,,,,,,,,,,0
294,1,286,Pseudomonas fluorescens,"",bacteria,false,50.1387,41299,8,,,87.6618,4268.88,10^-307.653,,,,,,,,,,0
287,1,286,Pseudomonas aeruginosa,"",bacteria,false,49.7623,40989,9,,,90.6888,3244.78,10^-307.653,,,,,,,,,,0
283,2,283,Comamonas,"",bacteria,false,327.937,270120,54,,,87.0352,3313.63,10^-307.653,,,,,,,,,"[1562974, 363952, 225991, 32013, 285]",0
1562974,1,283,Comamonas piscis,"",bacteria,false,21.6257,17813,2,,,83.052,2795.5,10^-307.653,,,,,,,,,,0
363952,1,283,Comamonas thiooxydans,"",bacteria,false,66.6217,54876,14,,,86.8943,3107.43,10^-307.653,,,,,,,,,,0
225991,1,283,Comamonas aquatica,"",bacteria,false,12.2509,10091,2,,,89.4215,2554.5,10^-307.653,,,,,,,,,,0
32013,1,283,Comamonas terrigena,"",bacteria,false,6.86297,5653,1,,,84.572,2463.0,10^-307.653,,,,,,,,,,0
285,1,283,Comamonas testosteroni,"",bacteria,false,220.575,181687,35,,,87.2531,3493.4,10^-307.653,,,,,,,,,,0
237,2,237,Flavobacterium,"",bacteria,false,456.001,375606,65,,,85.3942,2345.66,10^-307.653,,,,,,,,,"[2748320, 2748319, 2739062, 2665645, 2547394, 2518177, 2478552, 2183896, 1763534, 1492737, 1179672, 935222, 683124, 459526, 165435, 96345, 55197, 986, 239]",0
2748320,1,237,Flavobacterium sp. P2-65,"",bacteria,false,5.45833,4496,1,,,83.512,4488.0,10^-307.653,,,,,,,,,,0
2748319,1,237,Flavobacterium sp. I3-2,"",bacteria,false,10.9968,9058,2,,,91.4105,4644.0,10^-307.653,,,,,,,,,,0
2739062,1,237,Flavobacterium sp. M31R6,"",bacteria,false,45.6285,37584,7,,,85.7213,2048.29,10^-307.653,,,,,,,,,,0
2665645,1,237,Flavobacterium sp. SLB02,"",bacteria,false,33.2769,27410,3,,,83.3297,5154.67,10^-307.653,,,,,,,,,,0
2547394,1,237,Flavobacterium nackdongense,"",bacteria,false,121.994,100486,16,,,84.2213,1837.06,10^-307.653,,,,,,,,,,0
2518177,1,237,Flavobacterium sangjuense,"",bacteria,false,13.9202,11466,1,,,86.47,983.0,10^-307.653,,,,,,,,,,0
2478552,1,237,Flavobacterium sp. 140616W15,"",bacteria,false,13.7442,11321,3,,,86.2557,3347.0,10^-307.653,,,,,,,,,,0
2183896,1,237,Flavobacterium crocinum,"",bacteria,false,4.45553,3670,1,,,84.019,3717.0,10^-307.653,,,,,,,,,,0
1763534,1,237,Flavobacterium crassostreae,"",bacteria,false,8.32832,6860,1,,,91.453,2539.0,10^-307.653,,,,,,,,,,0
1492737,1,237,Flavobacterium gilvum,"",bacteria,false,2.49607,2056,1,,,90.069,1440.0,10^-307.653,,,,,,,,,,0
1179672,1,237,Flavobacterium sp. KBS0721,"",bacteria,false,1.79557,1479,1,,,93.384,1451.0,10^-307.653,,,,,,,,,,0
935222,1,237,Flavobacterium sp. Sr18,"",bacteria,false,45.3493,37354,7,,,83.5779,2888.14,10^-307.653,,,,,,,,,,0
683124,1,237,Flavobacterium haoranii,"",bacteria,false,59.8073,49263,8,,,85.0349,1671.62,10^-307.653,,,,,,,,,,0
459526,1,237,Flavobacterium anhuiense,"",bacteria,false,8.46429,6972,1,,,82.748,3101.0,10^-307.653,,,,,,,,,,0
165435,1,237,uncultured Flavobacterium sp.,"",bacteria,false,10.3351,8513,1,,,85.911,4209.0,10^-307.653,,,,,,,,,,0
96345,1,237,Flavobacterium psychrophilum,"",bacteria,false,5.32843,4389,1,,,86.997,1515.0,10^-307.653,,,,,,,,,,0
55197,1,237,Flavobacterium branchiophilum,"",bacteria,false,13.5973,11200,2,,,85.6495,1277.0,10^-307.653,,,,,,,,,,0
986,1,237,Flavobacterium johnsoniae,"",bacteria,false,23.777,19585,4,,,88.156,2147.25,10^-307.653,,,,,,,,,,0
239,1,237,Flavobacterium sp.,"",bacteria,false,27.2479,22444,4,,,84.4112,1442.0,10^-307.653,,,,,,,,,,0
222,2,222,Achromobacter,"",bacteria,false,5.75334,4739,2,,,92.885,2384.5,10^-307.653,,,,,,,,,"[1353891, 217204]",0
1353891,1,222,Achromobacter deleyi,"",bacteria,false,1.8587,1531,1,,,91.678,1502.0,10^-307.653,,,,,,,,,,0
217204,1,222,Achromobacter insolitus,"",bacteria,false,3.89464,3208,1,,,94.092,3267.0,10^-307.653,,,,,,,,,,0
187,2,187,Aquaspirillum,"",bacteria,false,5.98644,4931,2,,,90.793,2482.0,10^-307.653,,,,,,,,,[1938604],0
1938604,1,187,Aquaspirillum sp. LM1,"",bacteria,false,5.98644,4931,2,,,90.793,2482.0,10^-307.653,,,,,,,,,,0
133,2,133,Methylocystis,"",bacteria,false,7.53312,6205,1,,,85.261,6364.0,10^-307.653,,,,,,,,,[173366],0
173366,1,133,Methylocystis rosea,"",bacteria,false,7.53312,6205,1,,,85.261,6364.0,10^-307.653,,,,,,,,,,0
68,2,68,Lysobacter,"",bacteria,false,6.28752,5179,1,,,83.052,1245.0,10^-307.653,,,,,,,,,[2698682],0
2698682,1,68,Lysobacter oculi,"",bacteria,false,6.28752,5179,1,,,83.052,1245.0,10^-307.653,,,,,,,,,,0
22,2,22,Shewanella,"",bacteria,false,171.937,141624,28,,,90.921,4575.61,10^-307.653,,,,,,,,,"[2029986, 1930557, 70863, 62322, 60480, 24]",0
2029986,1,22,Shewanella sp. WE21,"",bacteria,false,19.3882,15970,3,,,90.461,5375.33,10^-307.653,,,,,,,,,,0
1930557,1,22,Shewanella sp. FDAARGOS_354,"",bacteria,false,115.427,95077,19,,,91.4783,4540.58,10^-307.653,,,,,,,,,,0
70863,1,22,Shewanella oneidensis,"",bacteria,false,8.84065,7282,1,,,88.193,7089.0,10^-307.653,,,,,,,,,,0
62322,1,22,Shewanella baltica,"",bacteria,false,10.8195,8912,1,,,90.703,9143.0,10^-307.653,,,,,,,,,,0
60480,1,22,Shewanella sp. MR-4,"",bacteria,false,3.61056,2974,2,,,91.522,1204.0,10^-307.653,,,,,,,,,,0
24,1,22,Shewanella putrefaciens,"",bacteria,false,13.851,11409,2,,,87.1895,3540.0,10^-307.653,,,,,,,,,,0
-200,2,-200,all taxa with neither family nor genus classification,,,false,277.026,228185,50,,,91.8531,1561.3,10^-299.709,1289.19,1061899,194,2,72437,90.9021,696.727,10^-273.478,"[2751154, 1898207, 1869227, 1802006, 1400053, 1256549, 755132, 713059, 239364, 207831, 198431, 155900, 77133, -100]",0
2751154,1,-200,Clostridia bacterium 12CBH8,"",bacteria,false,3.33497,2747,1,,,93.683,1773.0,10^-307.653,,,,,,,,,,0
1898207,1,-200,Clostridiales bacterium,"",bacteria,false,6.92732,5706,2,,,94.323,2885.5,10^-307.653,,,,,,,,,,0
1869227,1,-200,bacterium,"",bacteria,false,3.78781,3120,1,,,92.99,3167.0,10^-307.653,,,,,,,,,,0
1802006,1,-200,Pseudomonadales bacterium RIFCSPHIGHO2_12_FULL_40_16,"",bacteria,false,,,,,,,,,63.8573,52599,13,1,52599,89.3,858.0,10^-307.653,,0
1400053,1,-200,Bacteroidales bacterium CF,"",bacteria,false,2.88578,2377,1,,,90.886,2403.0,10^-307.653,,,,,,,,,,0
1256549,1,-200,uncultured bacterium A1Q1_fos_150,"",bacteria,false,9.52658,7847,1,,,92.081,1288.0,10^-307.653,,,,,,,,,,0
755132,1,-200,CFB group bacterium 22(2010),"",bacteria,false,5.22402,4303,1,,,90.777,618.0,10^-307.653,,,,,,,,,,0
713059,1,-200,Candidatus Saccharibacteria bacterium oral taxon 488,"",bacteria,false,4.64735,3828,1,,,83.358,1334.0,10^-307.653,,,,,,,,,,0
239364,1,-200,uncultured human fecal virus,"",viruses,false,27.6449,22771,5,,,91.9966,1975.2,10^-307.653,,,,,,,,,,0
207831,1,-200,bacterium enrichment culture,"",bacteria,false,8.13893,6704,1,,,90.784,510.0,10^-271.825,,,,,,,,,,0
198431,1,-200,uncultured prokaryote,"",,false,20.7176,17065,5,,,91.2654,1341.0,10^-285.392,,,,,,,,,,0
155900,1,-200,uncultured organism,"",,false,76.8415,63294,14,,,91.9771,2024.57,10^-293.376,,,,,,,,,,0
77133,1,-200,uncultured bacterium,"",bacteria,false,107.349,88423,17,,,92.0858,957.412,10^-304.7,,,,,,,,,,0
-100,1,-200,all taxa with neither family nor genus classification,,,false,,,,,,,,,1225.33,1009300,181,,,91.0171,685.144,10^-271.024,,0
-200000543,2,-200000543,non-genus-specific reads in family Enterobacteriaceae,,bacteria,false,28.4195,23409,4,,,92.9122,5973.25,10^-307.653,,,,,,,,,[2052938],0
2052938,1,-200000543,Enterobacteriaceae bacterium S05,"",bacteria,false,28.4195,23409,4,,,92.9122,5973.25,10^-307.653,,,,,,,,,,0
-200010699,2,-200010699,non-genus-specific reads in family Siphoviridae,,viruses,false,7.41658,6109,1,,,90.535,898.0,10^-307.653,,,,,,,,,[2675446],0
2675446,1,-200010699,Podoviridae sp. ctbh1,"",viruses,true,7.41658,6109,1,,,90.535,898.0,10^-307.653,,,,,,,,,,0
-200010744,2,-200010744,non-genus-specific reads in family Podoviridae,,viruses,false,12.4342,10242,2,,,91.213,4345.5,10^-307.653,,,,,,,,,"[1978008, 1211417]",0
1978008,1,-200010744,CrAssphage apr34_000142F,"",viruses,true,8.57234,7061,1,,,89.524,5479.0,10^-307.653,,,,,,,,,,0
1211417,1,-200010744,uncultured crAssphage,"",viruses,true,3.86186,3181,1,,,92.902,3212.0,10^-307.653,,,,,,,,,,0
-200072294,2,-200072294,non-genus-specific reads in family Campylobacteraceae,,bacteria,false,19.0325,15677,3,,,88.7083,3106.67,10^-307.653,,,,,,,,,[944547],0
944547,1,-200072294,Arcobacter sp. L,"",bacteria,false,19.0325,15677,3,,,88.7083,3106.67,10^-307.653,,,,,,,,,,0
-200075787,2,-200075787,non-genus-specific reads in family Rhodocyclaceae,,bacteria,false,5.4474,4487,1,,,90.985,4548.0,10^-307.653,,,,,,,,,[1816604],0
1816604,1,-200075787,Rhodocyclaceae bacterium ICHIJ1,"",bacteria,false,5.4474,4487,1,,,90.985,4548.0,10^-307.653,,,,,,,,,,0
-200098651,2,-200098651,non-genus-specific reads in family Chromulinaceae,,eukaryota,false,6.16126,5075,1,,,87.05,1027.0,10^-307.653,,,,,,,,,[373017],0
373017,1,-200098651,Spumella-like flagellate 391f,"",eukaryota,false,6.16126,5075,1,,,87.05,1027.0,10^-307.653,,,,,,,,,,0
-200119060,2,-200119060,non-genus-specific reads in family Burkholderiaceae,,bacteria,false,5.21673,4297,1,,,90.791,4322.0,10^-307.653,24.0841,19838,4,,,61.6,700.0,10^-260.291,[2030806],0
2030806,1,-200119060,Burkholderiaceae bacterium,"",bacteria,false,5.21673,4297,1,,,90.791,4322.0,10^-307.653,24.0841,19838,4,1,19838,61.6,700.0,10^-260.291,,0
-200128827,2,-200128827,non-genus-specific reads in family Erysipelotrichaceae,,bacteria,false,15.0274,12378,1,,,90.324,12795.0,10^-307.653,,,,,,,,,[2109692],0
2109692,1,-200128827,Erysipelotrichaceae bacterium GAM147,"",bacteria,false,15.0274,12378,1,,,90.324,12795.0,10^-307.653,,,,,,,,,,0
-200135621,2,-200135621,non-genus-specific reads in family Pseudomonadaceae,,bacteria,false,1.75308,1444,1,,,83.297,1395.0,10^-307.653,,,,,,,,,[2079806],0
2079806,1,-200135621,Pseudomonadaceae bacterium SI-3,"",bacteria,false,1.75308,1444,1,,,83.297,1395.0,10^-307.653,,,,,,,,,,0
-200186803,2,-200186803,non-genus-specific reads in family Lachnospiraceae,,bacteria,false,56.0316,46153,11,,,92.0034,3435.82,10^-302.826,,,,,,,,,"[2109691, 1898203, 39491]",0
2109691,1,-200186803,Lachnospiraceae bacterium GAM79,"",bacteria,false,4.17994,3443,1,,,89.752,1493.0,10^-307.653,,,,,,,,,,0
1898203,1,-200186803,Lachnospiraceae bacterium,"",bacteria,false,6.98681,5755,2,,,90.5235,3042.0,10^-307.653,,,,,,,,,,0
39491,1,-200186803,[Eubacterium] rectale,"",bacteria,false,44.8649,36955,8,,,92.6547,3777.12,10^-301.016,,,,,,,,,,0
-200541000,2,-200541000,non-genus-specific reads in family Ruminococcaceae,,bacteria,false,12.9757,10688,2,,,89.193,3269.0,10^-307.653,,,,,,,,,"[2799561, 39492]",0
2799561,1,-200541000,Ruminococcaceae bacterium BL-6,"",bacteria,false,6.1649,5078,1,,,86.918,795.0,10^-307.653,,,,,,,,,,0
39492,1,-200541000,[Eubacterium] siraeum,"",bacteria,false,6.81077,5610,1,,,91.468,5743.0,10^-307.653,,,,,,,,,,0
